serial_number,asset_type,generation,home_hub,status,weight_lbs,notes
YB-2025-CLE001,hybrid_bench,gen_4,CLE,active,285,
YB-2025-CLE002,hybrid_bench,gen_4,CLE,active,285,
YB-2025-CLE003,hybrid_bench,gen_4,CLE,active,285,
YB-2025-CLE004,hybrid_bench,gen_4,CLE,active,285,
YB-2025-CLE005,hybrid_bench,gen_4,CLE,active,285,
YB-2025-CLE006,hybrid_bench,gen_4,CLE,active,285,
YB-2025-CLE007,hybrid_bench,gen_4,CLE,active,285,
YB-2025-CLE008,hybrid_bench,gen_4,CLE,active,285,
YB-2025-CLE009,hybrid_bench,gen_4,CLE,active,285,
YB-2025-CLE010,hybrid_bench,gen_4,CLE,active,285,
YB-2025-CLE011,hybrid_bench,gen_4,CLE,active,285,
YB-2025-CLE012,hybrid_bench,gen_4,CLE,active,285,
YB-2025-CLE013,hybrid_bench,gen_4,CLE,active,285,
YB-2025-CLE014,hybrid_bench,gen_4,CLE,active,285,
YB-2025-CLE015,hybrid_bench,gen_4,CLE,active,285,
YB-2025-CLE016,hybrid_bench,gen_4,CLE,active,285,
YB-2025-CLE017,hybrid_bench,gen_4,CLE,active,285,
YB-2025-CLE018,hybrid_bench,gen_4,CLE,active,285,
YB-2025-CLE019,hybrid_bench,gen_4,CLE,active,285,
YB-2025-CLE020,hybrid_bench,gen_4,CLE,active,285,
YB-2025-CLE021,hybrid_bench,gen_4,CLE,active,285,
YB-2025-CLE022,hybrid_bench,gen_4,CLE,active,285,
YB-2025-CLE023,hybrid_bench,gen_4,CLE,active,285,
YB-2025-CLE024,hybrid_bench,gen_4,CLE,active,285,
YB-2025-CLE025,hybrid_bench,gen_4,CLE,active,285,
YB-2025-CLE026,hybrid_bench,gen_4,CLE,active,285,
YB-2025-CLE027,hybrid_bench,gen_4,CLE,active,285,
YB-2025-CLE028,hybrid_bench,gen_4,CLE,active,285,
YB-2025-CLE029,hybrid_bench,gen_4,CLE,active,285,
YB-2025-CLE030,hybrid_bench,gen_4,CLE,active,285,
YB-2025-CLE031,hybrid_bench,gen_4,CLE,active,285,
YB-2025-CLE032,hybrid_bench,gen_4,CLE,active,285,
YB-2025-CLE033,hybrid_bench,gen_4,CLE,active,285,
YB-2025-CLE034,hybrid_bench,gen_4,CLE,active,285,
YB-2025-CLE035,hybrid_bench,gen_4,CLE,active,285,
YB-2025-CLE036,hybrid_bench,gen_4,CLE,active,285,
YB-2025-CLE037,hybrid_bench,gen_4,CLE,active,285,
YB-2025-CLE038,hybrid_bench,gen_4,CLE,active,285,
YB-2025-CLE039,hybrid_bench,gen_4,CLE,active,285,
YB-2025-CLE040,hybrid_bench,gen_4,CLE,active,285,
YB-2025-CLE041,hybrid_bench,gen_4,CLE,active,285,
YB-2025-CLE042,hybrid_bench,gen_4,CLE,active,285,
YB-2025-CLE043,hybrid_bench,gen_4,CLE,active,285,
YB-2025-CLE044,hybrid_bench,gen_4,CLE,active,285,
YB-2025-CLE045,hybrid_bench,gen_4,CLE,active,285,
YB-2025-CLE046,hybrid_bench,gen_4,CLE,active,285,
YB-2025-CLE047,hybrid_bench,gen_4,CLE,active,285,
YB-2025-CLE048,hybrid_bench,gen_4,CLE,active,285,
YB-2025-CLE049,hybrid_bench,gen_4,CLE,active,285,
YB-2025-CLE050,hybrid_bench,gen_4,CLE,active,285,
YB-2025-CLE051,hybrid_bench,gen_4,CLE,active,285,
YB-2025-CLE052,hybrid_bench,gen_4,CLE,active,285,
YB-2025-CLE053,hybrid_bench,gen_4,CLE,active,285,
YB-2025-CLE054,hybrid_bench,gen_4,CLE,active,285,
YB-2025-CLE055,hybrid_bench,gen_4,CLE,active,285,
YB-2025-CLE056,hybrid_bench,gen_4,CLE,active,285,
YB-2025-CLE057,hybrid_bench,gen_4,CLE,active,285,
YB-2025-CLE058,hybrid_bench,gen_4,CLE,active,285,
YB-2025-CLE059,hybrid_bench,gen_4,CLE,active,285,
YB-2025-CLE060,hybrid_bench,gen_4,CLE,active,285,
YB-2025-CLE061,hybrid_bench,gen_4,CLE,active,285,
YB-2025-CLE062,hybrid_bench,gen_4,CLE,active,285,
YB-2025-CLE063,hybrid_bench,gen_4,CLE,active,285,
YB-2025-CLE064,hybrid_bench,gen_4,CLE,active,285,
YB-2025-CLE065,hybrid_bench,gen_4,CLE,active,285,
YB-2025-CLE066,hybrid_bench,gen_4,CLE,active,285,
YB-2025-CLE067,hybrid_bench,gen_4,CLE,active,285,
YB-2025-CLE068,hybrid_bench,gen_4,CLE,active,285,
YB-2025-CLE069,hybrid_bench,gen_4,CLE,active,285,
YB-2025-CLE070,hybrid_bench,gen_4,CLE,active,285,
YB-2025-CLE071,hybrid_bench,gen_4,CLE,active,285,
YB-2025-CLE072,hybrid_bench,gen_4,CLE,active,285,
YB-2025-CLE073,hybrid_bench,gen_3,CLE,active,285,
YB-2025-CLE074,hybrid_bench,gen_3,CLE,active,285,
YB-2025-CLE075,hybrid_bench,gen_3,CLE,active,285,
YB-2025-CLE076,hybrid_bench,gen_3,CLE,active,285,
YB-2025-CLE077,hybrid_bench,gen_3,CLE,active,285,
YB-2025-CLE078,hybrid_bench,gen_3,CLE,active,285,
YB-2025-CLE079,hybrid_bench,gen_3,CLE,active,285,
YB-2025-CLE080,hybrid_bench,gen_3,CLE,active,285,
YB-2025-CLE081,hybrid_bench,gen_3,CLE,active,285,
YB-2025-CLE082,hybrid_bench,gen_3,CLE,active,285,
YB-2025-CLE083,hybrid_bench,gen_3,CLE,active,285,
YB-2025-CLE084,hybrid_bench,gen_3,CLE,active,285,
YB-2025-CLE085,hybrid_bench,gen_3,CLE,active,285,
YB-2025-CLE086,hybrid_bench,gen_3,CLE,active,285,
YB-2025-CLE087,hybrid_bench,gen_3,CLE,active,285,
YB-2025-CLE088,hybrid_bench,gen_3,CLE,active,285,
YB-2025-CLE089,hybrid_bench,gen_3,CLE,active,285,
YB-2025-CLE090,hybrid_bench,gen_3,CLE,active,285,
YB-2025-CLE091,hybrid_bench,gen_3,CLE,active,285,
YB-2025-CLE092,hybrid_bench,gen_3,CLE,active,285,
YB-2025-CLE093,hybrid_bench,gen_3,CLE,active,285,
YB-2025-CLE094,hybrid_bench,gen_3,CLE,active,285,
YB-2025-CLE095,hybrid_bench,gen_3,CLE,active,285,
YB-2025-CLE096,hybrid_bench,gen_3,CLE,active,285,
YB-2025-CLE097,hybrid_bench,gen_3,CLE,active,285,
YB-2025-CLE098,hybrid_bench,gen_3,CLE,active,285,
YB-2025-CLE099,hybrid_bench,gen_3,CLE,active,285,
YB-2025-CLE100,hybrid_bench,gen_3,CLE,active,285,
YB-2025-CLE101,hybrid_bench,gen_3,CLE,active,285,
YB-2025-CLE102,hybrid_bench,gen_3,CLE,active,285,
YB-2025-CLE103,hybrid_bench,gen_3,CLE,active,285,
YB-2025-CLE104,hybrid_bench,gen_3,CLE,active,285,
YB-2025-CLE105,hybrid_bench,gen_3,CLE,active,285,
YB-2025-CLE106,hybrid_bench,gen_3,CLE,active,285,
YB-2025-CLE107,hybrid_bench,gen_3,CLE,active,285,
YB-2025-CLE108,hybrid_bench,gen_3,CLE,active,285,
YB-2025-CLE109,hybrid_bench,gen_3,CLE,active,285,
YB-2025-CLE110,hybrid_bench,gen_3,CLE,active,285,
HB-2025-CLE001,heated_bench,gen_4,CLE,active,210,
HB-2025-CLE002,heated_bench,gen_4,CLE,active,210,
HB-2025-CLE003,heated_bench,gen_4,CLE,active,210,
HB-2025-CLE004,heated_bench,gen_4,CLE,active,210,
HB-2025-CLE005,heated_bench,gen_4,CLE,active,210,
HB-2025-CLE006,heated_bench,gen_4,CLE,active,210,
HB-2025-CLE007,heated_bench,gen_4,CLE,active,210,
HB-2025-CLE008,heated_bench,gen_4,CLE,active,210,
HB-2025-CLE009,heated_bench,gen_4,CLE,active,210,
HB-2025-CLE010,heated_bench,gen_4,CLE,active,210,
HB-2025-CLE011,heated_bench,gen_4,CLE,active,210,
HB-2025-CLE012,heated_bench,gen_4,CLE,active,210,
HB-2025-CLE013,heated_bench,gen_4,CLE,active,210,
HB-2025-CLE014,heated_bench,gen_4,CLE,active,210,
HB-2025-CLE015,heated_bench,gen_4,CLE,active,210,
HB-2025-CLE016,heated_bench,gen_4,CLE,active,210,
HB-2025-CLE017,heated_bench,gen_4,CLE,active,210,
HB-2025-CLE018,heated_bench,gen_4,CLE,active,210,
HB-2025-CLE019,heated_bench,gen_4,CLE,active,210,
HB-2025-CLE020,heated_bench,gen_4,CLE,active,210,
HB-2025-CLE021,heated_bench,gen_4,CLE,active,210,
HB-2025-CLE022,heated_bench,gen_4,CLE,active,210,
HB-2025-CLE023,heated_bench,gen_4,CLE,active,210,
HB-2025-CLE024,heated_bench,gen_4,CLE,active,210,
HB-2025-CLE025,heated_bench,gen_4,CLE,active,210,
HB-2025-CLE026,heated_bench,gen_4,CLE,active,210,
HB-2025-CLE027,heated_bench,gen_4,CLE,active,210,
HB-2025-CLE028,heated_bench,gen_4,CLE,active,210,
HB-2025-CLE029,heated_bench,gen_4,CLE,active,210,
HB-2025-CLE030,heated_bench,gen_4,CLE,active,210,
HB-2025-CLE031,heated_bench,gen_4,CLE,active,210,
HB-2025-CLE032,heated_bench,gen_4,CLE,active,210,
HB-2025-CLE033,heated_bench,gen_4,CLE,active,210,
HB-2025-CLE034,heated_bench,gen_4,CLE,active,210,
HB-2025-CLE035,heated_bench,gen_4,CLE,active,210,
HB-2025-CLE036,heated_bench,gen_4,CLE,active,210,
HB-2025-CLE037,heated_bench,gen_4,CLE,active,210,
HB-2025-CLE038,heated_bench,gen_4,CLE,active,210,
HB-2025-CLE039,heated_bench,gen_4,CLE,active,210,
HB-2025-CLE040,heated_bench,gen_4,CLE,active,210,
HB-2025-CLE041,heated_bench,gen_4,CLE,active,210,
HB-2025-CLE042,heated_bench,gen_4,CLE,active,210,
HB-2025-CLE043,heated_bench,gen_4,CLE,active,210,
HB-2025-CLE044,heated_bench,gen_4,CLE,active,210,
HB-2025-CLE045,heated_bench,gen_4,CLE,active,210,
HB-2025-CLE046,heated_bench,gen_4,CLE,active,210,
HB-2025-CLE047,heated_bench,gen_4,CLE,active,210,
HB-2025-CLE048,heated_bench,gen_4,CLE,active,210,
HB-2025-CLE049,heated_bench,gen_4,CLE,active,210,
HB-2025-CLE050,heated_bench,gen_4,CLE,active,210,
HB-2025-CLE051,heated_bench,gen_4,CLE,active,210,"Rebranding scenario Week 3"
HB-2025-CLE052,heated_bench,gen_4,CLE,active,210,"Rebranding scenario Week 3"
HB-2025-CLE053,heated_bench,gen_3,CLE,active,210,"Rebranding scenario Week 8"
HB-2025-CLE054,heated_bench,gen_3,CLE,active,210,"Rebranding scenario Week 11"
HB-2025-CLE055,heated_bench,gen_3,CLE,active,210,
HB-2025-CLE056,heated_bench,gen_3,CLE,active,210,
HB-2025-CLE057,heated_bench,gen_3,CLE,active,210,
HB-2025-CLE058,heated_bench,gen_3,CLE,active,210,
HB-2025-CLE059,heated_bench,gen_3,CLE,active,210,
HB-2025-CLE060,heated_bench,gen_3,CLE,active,210,
HB-2025-CLE061,heated_bench,gen_3,CLE,active,210,
HB-2025-CLE062,heated_bench,gen_3,CLE,active,210,
HB-2025-CLE063,heated_bench,gen_3,CLE,active,210,
HB-2025-CLE064,heated_bench,gen_3,CLE,active,210,
HB-2025-CLE065,heated_bench,gen_3,CLE,active,210,
HB-2025-CLE066,heated_bench,gen_3,CLE,active,210,
HB-2025-CLE067,heated_bench,gen_3,CLE,active,210,
HB-2025-CLE068,heated_bench,gen_3,CLE,active,210,
HB-2025-CLE069,heated_bench,gen_3,CLE,active,210,
HB-2025-CLE070,heated_bench,gen_3,CLE,active,210,
HB-2025-CLE071,heated_bench,gen_3,CLE,active,210,
HB-2025-CLE072,heated_bench,gen_3,CLE,active,210,
HB-2025-CLE073,heated_bench,gen_3,CLE,active,210,
HB-2025-CLE074,heated_bench,gen_3,CLE,active,210,
HB-2025-CLE075,heated_bench,gen_3,CLE,active,210,
HB-2025-CLE076,heated_bench,gen_3,CLE,active,210,
HB-2025-CLE077,heated_bench,gen_3,CLE,active,210,
HB-2025-CLE078,heated_bench,gen_3,CLE,active,210,
HB-2025-CLE079,heated_bench,gen_3,CLE,active,210,
HB-2025-CLE080,heated_bench,gen_3,CLE,active,210,
DS-2025-CLE001,dragon_shader,gen_4,CLE,active,165,
DS-2025-CLE002,dragon_shader,gen_4,CLE,active,165,
DS-2025-CLE003,dragon_shader,gen_4,CLE,active,165,
DS-2025-CLE004,dragon_shader,gen_4,CLE,active,165,
DS-2025-CLE005,dragon_shader,gen_4,CLE,active,165,
DS-2025-CLE006,dragon_shader,gen_4,CLE,active,165,
DS-2025-CLE007,dragon_shader,gen_4,CLE,active,165,
DS-2025-CLE008,dragon_shader,gen_4,CLE,active,165,
DS-2025-CLE009,dragon_shader,gen_4,CLE,active,165,
DS-2025-CLE010,dragon_shader,gen_4,CLE,active,165,
DS-2025-CLE011,dragon_shader,gen_4,CLE,active,165,
DS-2025-CLE012,dragon_shader,gen_4,CLE,active,165,
DS-2025-CLE013,dragon_shader,gen_4,CLE,active,165,
DS-2025-CLE014,dragon_shader,gen_4,CLE,active,165,
DS-2025-CLE015,dragon_shader,gen_4,CLE,active,165,
DS-2025-CLE016,dragon_shader,gen_4,CLE,active,165,
DS-2025-CLE017,dragon_shader,gen_4,CLE,active,165,
DS-2025-CLE018,dragon_shader,gen_4,CLE,active,165,
DS-2025-CLE019,dragon_shader,gen_4,CLE,active,165,
DS-2025-CLE020,dragon_shader,gen_4,CLE,active,165,
DS-2025-CLE021,dragon_shader,gen_4,CLE,active,165,
DS-2025-CLE022,dragon_shader,gen_4,CLE,active,165,
DS-2025-CLE023,dragon_shader,gen_4,CLE,active,165,
DS-2025-CLE024,dragon_shader,gen_4,CLE,active,165,
DS-2025-CLE025,dragon_shader,gen_4,CLE,active,165,
DS-2025-CLE026,dragon_shader,gen_4,CLE,active,165,
DS-2025-CLE027,dragon_shader,gen_3,CLE,active,165,
DS-2025-CLE028,dragon_shader,gen_3,CLE,active,165,
DS-2025-CLE029,dragon_shader,gen_3,CLE,active,165,
DS-2025-CLE030,dragon_shader,gen_3,CLE,active,165,
DS-2025-CLE031,dragon_shader,gen_3,CLE,active,165,
DS-2025-CLE032,dragon_shader,gen_3,CLE,active,165,
DS-2025-CLE033,dragon_shader,gen_3,CLE,active,165,
DS-2025-CLE034,dragon_shader,gen_3,CLE,active,165,
DS-2025-CLE035,dragon_shader,gen_3,CLE,active,165,
DS-2025-CLE036,dragon_shader,gen_3,CLE,active,165,
DS-2025-CLE037,dragon_shader,gen_3,CLE,active,165,
DS-2025-CLE038,dragon_shader,gen_3,CLE,active,165,
DS-2025-CLE039,dragon_shader,gen_3,CLE,active,165,
DS-2025-CLE040,dragon_shader,gen_3,CLE,active,165,
FD-2025-CLE001,heated_foot_deck,gen_4,CLE,active,95,
FD-2025-CLE002,heated_foot_deck,gen_4,CLE,active,95,
FD-2025-CLE003,heated_foot_deck,gen_4,CLE,active,95,
FD-2025-CLE004,heated_foot_deck,gen_4,CLE,active,95,
FD-2025-CLE005,heated_foot_deck,gen_4,CLE,active,95,
FD-2025-CLE006,heated_foot_deck,gen_4,CLE,active,95,
FD-2025-CLE007,heated_foot_deck,gen_4,CLE,active,95,
FD-2025-CLE008,heated_foot_deck,gen_4,CLE,active,95,
FD-2025-CLE009,heated_foot_deck,gen_4,CLE,active,95,
FD-2025-CLE010,heated_foot_deck,gen_4,CLE,active,95,
FD-2025-CLE011,heated_foot_deck,gen_4,CLE,active,95,
FD-2025-CLE012,heated_foot_deck,gen_4,CLE,active,95,
FD-2025-CLE013,heated_foot_deck,gen_4,CLE,active,95,
FD-2025-CLE014,heated_foot_deck,gen_4,CLE,active,95,
FD-2025-CLE015,heated_foot_deck,gen_4,CLE,active,95,
FD-2025-CLE016,heated_foot_deck,gen_4,CLE,active,95,
FD-2025-CLE017,heated_foot_deck,gen_4,CLE,active,95,
FD-2025-CLE018,heated_foot_deck,gen_4,CLE,active,95,
FD-2025-CLE019,heated_foot_deck,gen_4,CLE,active,95,
FD-2025-CLE020,heated_foot_deck,gen_4,CLE,active,95,
FD-2025-CLE021,heated_foot_deck,gen_4,CLE,active,95,
FD-2025-CLE022,heated_foot_deck,gen_4,CLE,active,95,
FD-2025-CLE023,heated_foot_deck,gen_4,CLE,active,95,
FD-2025-CLE024,heated_foot_deck,gen_4,CLE,active,95,
FD-2025-CLE025,heated_foot_deck,gen_4,CLE,active,95,
FD-2025-CLE026,heated_foot_deck,gen_4,CLE,active,95,
FD-2025-CLE027,heated_foot_deck,gen_4,CLE,active,95,
FD-2025-CLE028,heated_foot_deck,gen_4,CLE,active,95,
FD-2025-CLE029,heated_foot_deck,gen_4,CLE,active,95,
FD-2025-CLE030,heated_foot_deck,gen_4,CLE,active,95,
FD-2025-CLE031,heated_foot_deck,gen_4,CLE,active,95,
FD-2025-CLE032,heated_foot_deck,gen_4,CLE,active,95,
FD-2025-CLE033,heated_foot_deck,gen_4,CLE,active,95,
FD-2025-CLE034,heated_foot_deck,gen_4,CLE,active,95,
FD-2025-CLE035,heated_foot_deck,gen_4,CLE,active,95,
FD-2025-CLE036,heated_foot_deck,gen_4,CLE,active,95,
FD-2025-CLE037,heated_foot_deck,gen_4,CLE,active,95,
FD-2025-CLE038,heated_foot_deck,gen_4,CLE,active,95,
FD-2025-CLE039,heated_foot_deck,gen_4,CLE,active,95,
FD-2025-CLE040,heated_foot_deck,gen_4,CLE,active,95,
FD-2025-CLE041,heated_foot_deck,gen_4,CLE,active,95,
FD-2025-CLE042,heated_foot_deck,gen_4,CLE,active,95,
FD-2025-CLE043,heated_foot_deck,gen_4,CLE,active,95,
FD-2025-CLE044,heated_foot_deck,gen_4,CLE,active,95,
FD-2025-CLE045,heated_foot_deck,gen_4,CLE,active,95,
FD-2025-CLE046,heated_foot_deck,gen_4,CLE,active,95,
FD-2025-CLE047,heated_foot_deck,gen_4,CLE,active,95,
FD-2025-CLE048,heated_foot_deck,gen_4,CLE,active,95,
FD-2025-CLE049,heated_foot_deck,gen_4,CLE,active,95,
FD-2025-CLE050,heated_foot_deck,gen_4,CLE,active,95,
FD-2025-CLE051,heated_foot_deck,gen_4,CLE,active,95,
FD-2025-CLE052,heated_foot_deck,gen_4,CLE,active,95,
FD-2025-CLE053,heated_foot_deck,gen_4,CLE,active,95,
FD-2025-CLE054,heated_foot_deck,gen_4,CLE,active,95,
FD-2025-CLE055,heated_foot_deck,gen_4,CLE,active,95,
FD-2025-CLE056,heated_foot_deck,gen_4,CLE,active,95,
FD-2025-CLE057,heated_foot_deck,gen_4,CLE,active,95,
FD-2025-CLE058,heated_foot_deck,gen_3,CLE,active,95,
FD-2025-CLE059,heated_foot_deck,gen_3,CLE,active,95,
FD-2025-CLE060,heated_foot_deck,gen_3,CLE,active,95,
FD-2025-CLE061,heated_foot_deck,gen_3,CLE,active,95,
FD-2025-CLE062,heated_foot_deck,gen_3,CLE,active,95,
FD-2025-CLE063,heated_foot_deck,gen_3,CLE,active,95,
FD-2025-CLE064,heated_foot_deck,gen_3,CLE,active,95,
FD-2025-CLE065,heated_foot_deck,gen_3,CLE,active,95,
FD-2025-CLE066,heated_foot_deck,gen_3,CLE,active,95,
FD-2025-CLE067,heated_foot_deck,gen_3,CLE,active,95,
FD-2025-CLE068,heated_foot_deck,gen_3,CLE,active,95,
FD-2025-CLE069,heated_foot_deck,gen_3,CLE,active,95,
FD-2025-CLE070,heated_foot_deck,gen_3,CLE,active,95,
FD-2025-CLE071,heated_foot_deck,gen_3,CLE,active,95,
FD-2025-CLE072,heated_foot_deck,gen_3,CLE,active,95,
FD-2025-CLE073,heated_foot_deck,gen_3,CLE,active,95,
FD-2025-CLE074,heated_foot_deck,gen_3,CLE,active,95,
FD-2025-CLE075,heated_foot_deck,gen_3,CLE,active,95,
FD-2025-CLE076,heated_foot_deck,gen_3,CLE,active,95,
FD-2025-CLE077,heated_foot_deck,gen_3,CLE,active,95,
FD-2025-CLE078,heated_foot_deck,gen_3,CLE,active,95,
FD-2025-CLE079,heated_foot_deck,gen_3,CLE,active,95,
FD-2025-CLE080,heated_foot_deck,gen_3,CLE,active,95,
FD-2025-CLE081,heated_foot_deck,gen_3,CLE,active,95,
FD-2025-CLE082,heated_foot_deck,gen_3,CLE,active,95,
FD-2025-CLE083,heated_foot_deck,gen_3,CLE,active,95,
FD-2025-CLE084,heated_foot_deck,gen_3,CLE,active,95,
FD-2025-CLE085,heated_foot_deck,gen_3,CLE,active,95,
FD-2025-CLE086,heated_foot_deck,gen_3,CLE,active,95,
FD-2025-CLE087,heated_foot_deck,gen_3,CLE,active,95,
FD-2025-CLE088,heated_foot_deck,gen_3,CLE,active,95,
YB-2025-KC001,hybrid_bench,gen_4,KC,active,285,
YB-2025-KC002,hybrid_bench,gen_4,KC,active,285,
YB-2025-KC003,hybrid_bench,gen_4,KC,active,285,
YB-2025-KC004,hybrid_bench,gen_4,KC,active,285,
YB-2025-KC005,hybrid_bench,gen_4,KC,active,285,
YB-2025-KC006,hybrid_bench,gen_4,KC,active,285,
YB-2025-KC007,hybrid_bench,gen_4,KC,active,285,
YB-2025-KC008,hybrid_bench,gen_4,KC,active,285,
YB-2025-KC009,hybrid_bench,gen_4,KC,active,285,
YB-2025-KC010,hybrid_bench,gen_4,KC,active,285,
YB-2025-KC011,hybrid_bench,gen_4,KC,active,285,
YB-2025-KC012,hybrid_bench,gen_4,KC,active,285,
YB-2025-KC013,hybrid_bench,gen_4,KC,active,285,
YB-2025-KC014,hybrid_bench,gen_4,KC,active,285,
YB-2025-KC015,hybrid_bench,gen_4,KC,active,285,
YB-2025-KC016,hybrid_bench,gen_4,KC,active,285,
YB-2025-KC017,hybrid_bench,gen_4,KC,active,285,
YB-2025-KC018,hybrid_bench,gen_4,KC,active,285,
YB-2025-KC019,hybrid_bench,gen_4,KC,active,285,
YB-2025-KC020,hybrid_bench,gen_4,KC,active,285,
YB-2025-KC021,hybrid_bench,gen_4,KC,active,285,
YB-2025-KC022,hybrid_bench,gen_4,KC,active,285,
YB-2025-KC023,hybrid_bench,gen_4,KC,active,285,
YB-2025-KC024,hybrid_bench,gen_4,KC,active,285,
YB-2025-KC025,hybrid_bench,gen_4,KC,active,285,
YB-2025-KC026,hybrid_bench,gen_4,KC,active,285,
YB-2025-KC027,hybrid_bench,gen_4,KC,active,285,
YB-2025-KC028,hybrid_bench,gen_4,KC,active,285,
YB-2025-KC029,hybrid_bench,gen_4,KC,active,285,
YB-2025-KC030,hybrid_bench,gen_4,KC,active,285,
YB-2025-KC031,hybrid_bench,gen_4,KC,active,285,
YB-2025-KC032,hybrid_bench,gen_4,KC,active,285,
YB-2025-KC033,hybrid_bench,gen_4,KC,active,285,
YB-2025-KC034,hybrid_bench,gen_4,KC,active,285,
YB-2025-KC035,hybrid_bench,gen_4,KC,active,285,
YB-2025-KC036,hybrid_bench,gen_4,KC,active,285,
YB-2025-KC037,hybrid_bench,gen_4,KC,active,285,
YB-2025-KC038,hybrid_bench,gen_4,KC,active,285,
YB-2025-KC039,hybrid_bench,gen_4,KC,active,285,
YB-2025-KC040,hybrid_bench,gen_4,KC,active,285,
YB-2025-KC041,hybrid_bench,gen_4,KC,active,285,
YB-2025-KC042,hybrid_bench,gen_4,KC,active,285,
YB-2025-KC043,hybrid_bench,gen_4,KC,active,285,
YB-2025-KC044,hybrid_bench,gen_4,KC,active,285,
YB-2025-KC045,hybrid_bench,gen_4,KC,active,285,
YB-2025-KC046,hybrid_bench,gen_4,KC,active,285,
YB-2025-KC047,hybrid_bench,gen_4,KC,active,285,
YB-2025-KC048,hybrid_bench,gen_4,KC,active,285,
YB-2025-KC049,hybrid_bench,gen_4,KC,active,285,
YB-2025-KC050,hybrid_bench,gen_4,KC,active,285,
YB-2025-KC051,hybrid_bench,gen_4,KC,active,285,
YB-2025-KC052,hybrid_bench,gen_4,KC,active,285,
YB-2025-KC053,hybrid_bench,gen_3,KC,active,285,
YB-2025-KC054,hybrid_bench,gen_3,KC,active,285,
YB-2025-KC055,hybrid_bench,gen_3,KC,active,285,
YB-2025-KC056,hybrid_bench,gen_3,KC,active,285,
YB-2025-KC057,hybrid_bench,gen_3,KC,active,285,
YB-2025-KC058,hybrid_bench,gen_3,KC,active,285,
YB-2025-KC059,hybrid_bench,gen_3,KC,active,285,
YB-2025-KC060,hybrid_bench,gen_3,KC,active,285,
YB-2025-KC061,hybrid_bench,gen_3,KC,active,285,
YB-2025-KC062,hybrid_bench,gen_3,KC,active,285,
YB-2025-KC063,hybrid_bench,gen_3,KC,active,285,
YB-2025-KC064,hybrid_bench,gen_3,KC,active,285,
YB-2025-KC065,hybrid_bench,gen_3,KC,active,285,
YB-2025-KC066,hybrid_bench,gen_3,KC,active,285,
YB-2025-KC067,hybrid_bench,gen_3,KC,active,285,
YB-2025-KC068,hybrid_bench,gen_3,KC,active,285,
YB-2025-KC069,hybrid_bench,gen_3,KC,active,285,
YB-2025-KC070,hybrid_bench,gen_3,KC,active,285,
YB-2025-KC071,hybrid_bench,gen_3,KC,active,285,
YB-2025-KC072,hybrid_bench,gen_3,KC,active,285,
YB-2025-KC073,hybrid_bench,gen_3,KC,active,285,
YB-2025-KC074,hybrid_bench,gen_3,KC,active,285,
YB-2025-KC075,hybrid_bench,gen_3,KC,active,285,
YB-2025-KC076,hybrid_bench,gen_3,KC,active,285,
YB-2025-KC077,hybrid_bench,gen_3,KC,active,285,
YB-2025-KC078,hybrid_bench,gen_3,KC,active,285,
YB-2025-KC079,hybrid_bench,gen_3,KC,active,285,
YB-2025-KC080,hybrid_bench,gen_3,KC,active,285,
HB-2025-KC001,heated_bench,gen_4,KC,active,210,
HB-2025-KC002,heated_bench,gen_4,KC,active,210,
HB-2025-KC003,heated_bench,gen_4,KC,active,210,
HB-2025-KC004,heated_bench,gen_4,KC,active,210,
HB-2025-KC005,heated_bench,gen_4,KC,active,210,
HB-2025-KC006,heated_bench,gen_4,KC,active,210,
HB-2025-KC007,heated_bench,gen_4,KC,active,210,
HB-2025-KC008,heated_bench,gen_4,KC,active,210,
HB-2025-KC009,heated_bench,gen_4,KC,active,210,
HB-2025-KC010,heated_bench,gen_4,KC,active,210,
HB-2025-KC011,heated_bench,gen_4,KC,active,210,
HB-2025-KC012,heated_bench,gen_4,KC,active,210,
HB-2025-KC013,heated_bench,gen_4,KC,active,210,
HB-2025-KC014,heated_bench,gen_4,KC,active,210,
HB-2025-KC015,heated_bench,gen_4,KC,active,210,
HB-2025-KC016,heated_bench,gen_4,KC,active,210,
HB-2025-KC017,heated_bench,gen_4,KC,active,210,
HB-2025-KC018,heated_bench,gen_4,KC,active,210,
HB-2025-KC019,heated_bench,gen_4,KC,active,210,
HB-2025-KC020,heated_bench,gen_4,KC,active,210,
HB-2025-KC021,heated_bench,gen_4,KC,active,210,
HB-2025-KC022,heated_bench,gen_4,KC,active,210,
HB-2025-KC023,heated_bench,gen_4,KC,active,210,
HB-2025-KC024,heated_bench,gen_4,KC,active,210,
HB-2025-KC025,heated_bench,gen_4,KC,active,210,
HB-2025-KC026,heated_bench,gen_4,KC,active,210,
HB-2025-KC027,heated_bench,gen_4,KC,active,210,
HB-2025-KC028,heated_bench,gen_4,KC,active,210,
HB-2025-KC029,heated_bench,gen_4,KC,active,210,
HB-2025-KC030,heated_bench,gen_4,KC,active,210,
HB-2025-KC031,heated_bench,gen_4,KC,active,210,
HB-2025-KC032,heated_bench,gen_4,KC,active,210,
HB-2025-KC033,heated_bench,gen_4,KC,active,210,
HB-2025-KC034,heated_bench,gen_4,KC,active,210,
HB-2025-KC035,heated_bench,gen_4,KC,active,210,
HB-2025-KC036,heated_bench,gen_4,KC,active,210,
HB-2025-KC037,heated_bench,gen_4,KC,active,210,
HB-2025-KC038,heated_bench,gen_4,KC,active,210,
HB-2025-KC039,heated_bench,gen_4,KC,active,210,
HB-2025-KC040,heated_bench,gen_4,KC,active,210,
HB-2025-KC041,heated_bench,gen_4,KC,active,210,
HB-2025-KC042,heated_bench,gen_4,KC,active,210,
HB-2025-KC043,heated_bench,gen_4,KC,active,210,
HB-2025-KC044,heated_bench,gen_4,KC,active,210,
HB-2025-KC045,heated_bench,gen_4,KC,active,210,
HB-2025-KC046,heated_bench,gen_4,KC,active,210,
HB-2025-KC047,heated_bench,gen_4,KC,active,210,
HB-2025-KC048,heated_bench,gen_4,KC,active,210,
HB-2025-KC049,heated_bench,gen_4,KC,active,210,
HB-2025-KC050,heated_bench,gen_4,KC,active,210,
HB-2025-KC051,heated_bench,gen_4,KC,active,210,
HB-2025-KC052,heated_bench,gen_4,KC,active,210,
HB-2025-KC053,heated_bench,gen_4,KC,active,210,
HB-2025-KC054,heated_bench,gen_4,KC,active,210,
HB-2025-KC055,heated_bench,gen_4,KC,active,210,
HB-2025-KC056,heated_bench,gen_3,KC,active,210,
HB-2025-KC057,heated_bench,gen_3,KC,active,210,
HB-2025-KC058,heated_bench,gen_3,KC,active,210,
HB-2025-KC059,heated_bench,gen_3,KC,active,210,
HB-2025-KC060,heated_bench,gen_3,KC,active,210,
HB-2025-KC061,heated_bench,gen_3,KC,active,210,
HB-2025-KC062,heated_bench,gen_3,KC,active,210,
HB-2025-KC063,heated_bench,gen_3,KC,active,210,
HB-2025-KC064,heated_bench,gen_3,KC,active,210,
HB-2025-KC065,heated_bench,gen_3,KC,active,210,
HB-2025-KC066,heated_bench,gen_3,KC,active,210,
HB-2025-KC067,heated_bench,gen_3,KC,active,210,
HB-2025-KC068,heated_bench,gen_3,KC,active,210,
HB-2025-KC069,heated_bench,gen_3,KC,active,210,
HB-2025-KC070,heated_bench,gen_3,KC,active,210,
HB-2025-KC071,heated_bench,gen_3,KC,active,210,
HB-2025-KC072,heated_bench,gen_3,KC,active,210,
HB-2025-KC073,heated_bench,gen_3,KC,active,210,
HB-2025-KC074,heated_bench,gen_3,KC,active,210,
HB-2025-KC075,heated_bench,gen_3,KC,active,210,
HB-2025-KC076,heated_bench,gen_3,KC,active,210,"Rebranding scenario Week 5"
HB-2025-KC077,heated_bench,gen_3,KC,active,210,"Rebranding scenario Week 5"
HB-2025-KC078,heated_bench,gen_3,KC,active,210,"Rebranding scenario Week 9"
HB-2025-KC079,heated_bench,gen_3,KC,active,210,
HB-2025-KC080,heated_bench,gen_3,KC,active,210,
HB-2025-KC081,heated_bench,gen_3,KC,active,210,
HB-2025-KC082,heated_bench,gen_3,KC,active,210,
HB-2025-KC083,heated_bench,gen_3,KC,active,210,
HB-2025-KC084,heated_bench,gen_3,KC,active,210,
HB-2025-KC085,heated_bench,gen_3,KC,active,210,
DS-2025-KC001,dragon_shader,gen_4,KC,active,165,
DS-2025-KC002,dragon_shader,gen_4,KC,active,165,
DS-2025-KC003,dragon_shader,gen_4,KC,active,165,
DS-2025-KC004,dragon_shader,gen_4,KC,active,165,
DS-2025-KC005,dragon_shader,gen_4,KC,active,165,
DS-2025-KC006,dragon_shader,gen_4,KC,active,165,
DS-2025-KC007,dragon_shader,gen_4,KC,active,165,
DS-2025-KC008,dragon_shader,gen_4,KC,active,165,
DS-2025-KC009,dragon_shader,gen_4,KC,active,165,
DS-2025-KC010,dragon_shader,gen_4,KC,active,165,
DS-2025-KC011,dragon_shader,gen_4,KC,active,165,
DS-2025-KC012,dragon_shader,gen_4,KC,active,165,
DS-2025-KC013,dragon_shader,gen_4,KC,active,165,
DS-2025-KC014,dragon_shader,gen_4,KC,active,165,
DS-2025-KC015,dragon_shader,gen_4,KC,active,165,
DS-2025-KC016,dragon_shader,gen_4,KC,active,165,
DS-2025-KC017,dragon_shader,gen_4,KC,active,165,
DS-2025-KC018,dragon_shader,gen_4,KC,active,165,
DS-2025-KC019,dragon_shader,gen_4,KC,active,165,
DS-2025-KC020,dragon_shader,gen_4,KC,active,165,
DS-2025-KC021,dragon_shader,gen_4,KC,active,165,
DS-2025-KC022,dragon_shader,gen_4,KC,active,165,
DS-2025-KC023,dragon_shader,gen_4,KC,active,165,
DS-2025-KC024,dragon_shader,gen_4,KC,active,165,
DS-2025-KC025,dragon_shader,gen_4,KC,active,165,
DS-2025-KC026,dragon_shader,gen_4,KC,active,165,
DS-2025-KC027,dragon_shader,gen_4,KC,active,165,
DS-2025-KC028,dragon_shader,gen_4,KC,active,165,
DS-2025-KC029,dragon_shader,gen_4,KC,active,165,
DS-2025-KC030,dragon_shader,gen_3,KC,active,165,
DS-2025-KC031,dragon_shader,gen_3,KC,active,165,
DS-2025-KC032,dragon_shader,gen_3,KC,active,165,
DS-2025-KC033,dragon_shader,gen_3,KC,active,165,
DS-2025-KC034,dragon_shader,gen_3,KC,active,165,
DS-2025-KC035,dragon_shader,gen_3,KC,active,165,
DS-2025-KC036,dragon_shader,gen_3,KC,active,165,
DS-2025-KC037,dragon_shader,gen_3,KC,active,165,
DS-2025-KC038,dragon_shader,gen_3,KC,active,165,
DS-2025-KC039,dragon_shader,gen_3,KC,active,165,
DS-2025-KC040,dragon_shader,gen_3,KC,active,165,
DS-2025-KC041,dragon_shader,gen_3,KC,active,165,
DS-2025-KC042,dragon_shader,gen_3,KC,active,165,
DS-2025-KC043,dragon_shader,gen_3,KC,active,165,
DS-2025-KC044,dragon_shader,gen_3,KC,active,165,
DS-2025-KC045,dragon_shader,gen_3,KC,active,165,
FD-2025-KC001,heated_foot_deck,gen_4,KC,active,95,
FD-2025-KC002,heated_foot_deck,gen_4,KC,active,95,
FD-2025-KC003,heated_foot_deck,gen_4,KC,active,95,
FD-2025-KC004,heated_foot_deck,gen_4,KC,active,95,
FD-2025-KC005,heated_foot_deck,gen_4,KC,active,95,
FD-2025-KC006,heated_foot_deck,gen_4,KC,active,95,
FD-2025-KC007,heated_foot_deck,gen_4,KC,active,95,
FD-2025-KC008,heated_foot_deck,gen_4,KC,active,95,
FD-2025-KC009,heated_foot_deck,gen_4,KC,active,95,
FD-2025-KC010,heated_foot_deck,gen_4,KC,active,95,
FD-2025-KC011,heated_foot_deck,gen_4,KC,active,95,
FD-2025-KC012,heated_foot_deck,gen_4,KC,active,95,
FD-2025-KC013,heated_foot_deck,gen_4,KC,active,95,
FD-2025-KC014,heated_foot_deck,gen_4,KC,active,95,
FD-2025-KC015,heated_foot_deck,gen_4,KC,active,95,
FD-2025-KC016,heated_foot_deck,gen_4,KC,active,95,
FD-2025-KC017,heated_foot_deck,gen_4,KC,active,95,
FD-2025-KC018,heated_foot_deck,gen_4,KC,active,95,
FD-2025-KC019,heated_foot_deck,gen_4,KC,active,95,
FD-2025-KC020,heated_foot_deck,gen_4,KC,active,95,
FD-2025-KC021,heated_foot_deck,gen_4,KC,active,95,
FD-2025-KC022,heated_foot_deck,gen_4,KC,active,95,
FD-2025-KC023,heated_foot_deck,gen_4,KC,active,95,
FD-2025-KC024,heated_foot_deck,gen_4,KC,active,95,
FD-2025-KC025,heated_foot_deck,gen_4,KC,active,95,
FD-2025-KC026,heated_foot_deck,gen_4,KC,active,95,
FD-2025-KC027,heated_foot_deck,gen_4,KC,active,95,
FD-2025-KC028,heated_foot_deck,gen_4,KC,active,95,
FD-2025-KC029,heated_foot_deck,gen_4,KC,active,95,
FD-2025-KC030,heated_foot_deck,gen_4,KC,active,95,
FD-2025-KC031,heated_foot_deck,gen_4,KC,active,95,
FD-2025-KC032,heated_foot_deck,gen_3,KC,active,95,
FD-2025-KC033,heated_foot_deck,gen_3,KC,active,95,
FD-2025-KC034,heated_foot_deck,gen_3,KC,active,95,
FD-2025-KC035,heated_foot_deck,gen_3,KC,active,95,
FD-2025-KC036,heated_foot_deck,gen_3,KC,active,95,
FD-2025-KC037,heated_foot_deck,gen_3,KC,active,95,
FD-2025-KC038,heated_foot_deck,gen_3,KC,active,95,
FD-2025-KC039,heated_foot_deck,gen_3,KC,active,95,
FD-2025-KC040,heated_foot_deck,gen_3,KC,active,95,
FD-2025-KC041,heated_foot_deck,gen_3,KC,active,95,
FD-2025-KC042,heated_foot_deck,gen_3,KC,active,95,
FD-2025-KC043,heated_foot_deck,gen_3,KC,active,95,
FD-2025-KC044,heated_foot_deck,gen_3,KC,active,95,
FD-2025-KC045,heated_foot_deck,gen_3,KC,active,95,
FD-2025-KC046,heated_foot_deck,gen_3,KC,active,95,
FD-2025-KC047,heated_foot_deck,gen_3,KC,active,95,
FD-2025-KC048,heated_foot_deck,gen_3,KC,active,95,
YB-2025-JAX001,hybrid_bench,gen_4,JAX,active,285,
YB-2025-JAX002,hybrid_bench,gen_4,JAX,active,285,
YB-2025-JAX003,hybrid_bench,gen_4,JAX,active,285,
YB-2025-JAX004,hybrid_bench,gen_4,JAX,active,285,
YB-2025-JAX005,hybrid_bench,gen_4,JAX,active,285,
YB-2025-JAX006,hybrid_bench,gen_4,JAX,active,285,
YB-2025-JAX007,hybrid_bench,gen_4,JAX,active,285,
YB-2025-JAX008,hybrid_bench,gen_4,JAX,active,285,
YB-2025-JAX009,hybrid_bench,gen_4,JAX,active,285,
YB-2025-JAX010,hybrid_bench,gen_4,JAX,active,285,
YB-2025-JAX011,hybrid_bench,gen_4,JAX,active,285,
YB-2025-JAX012,hybrid_bench,gen_4,JAX,active,285,
YB-2025-JAX013,hybrid_bench,gen_4,JAX,active,285,
YB-2025-JAX014,hybrid_bench,gen_4,JAX,active,285,
YB-2025-JAX015,hybrid_bench,gen_4,JAX,active,285,
YB-2025-JAX016,hybrid_bench,gen_4,JAX,active,285,
YB-2025-JAX017,hybrid_bench,gen_4,JAX,active,285,
YB-2025-JAX018,hybrid_bench,gen_4,JAX,active,285,
YB-2025-JAX019,hybrid_bench,gen_4,JAX,active,285,
YB-2025-JAX020,hybrid_bench,gen_4,JAX,active,285,
YB-2025-JAX021,hybrid_bench,gen_4,JAX,active,285,
YB-2025-JAX022,hybrid_bench,gen_4,JAX,active,285,
YB-2025-JAX023,hybrid_bench,gen_4,JAX,active,285,
YB-2025-JAX024,hybrid_bench,gen_4,JAX,active,285,
YB-2025-JAX025,hybrid_bench,gen_4,JAX,active,285,
YB-2025-JAX026,hybrid_bench,gen_4,JAX,active,285,
YB-2025-JAX027,hybrid_bench,gen_4,JAX,active,285,
YB-2025-JAX028,hybrid_bench,gen_4,JAX,active,285,
YB-2025-JAX029,hybrid_bench,gen_4,JAX,active,285,
YB-2025-JAX030,hybrid_bench,gen_4,JAX,active,285,
YB-2025-JAX031,hybrid_bench,gen_4,JAX,active,285,
YB-2025-JAX032,hybrid_bench,gen_4,JAX,active,285,
YB-2025-JAX033,hybrid_bench,gen_4,JAX,active,285,
YB-2025-JAX034,hybrid_bench,gen_4,JAX,active,285,
YB-2025-JAX035,hybrid_bench,gen_4,JAX,active,285,
YB-2025-JAX036,hybrid_bench,gen_4,JAX,active,285,
YB-2025-JAX037,hybrid_bench,gen_4,JAX,active,285,
YB-2025-JAX038,hybrid_bench,gen_4,JAX,active,285,
YB-2025-JAX039,hybrid_bench,gen_4,JAX,active,285,
YB-2025-JAX040,hybrid_bench,gen_3,JAX,active,285,
YB-2025-JAX041,hybrid_bench,gen_3,JAX,active,285,
YB-2025-JAX042,hybrid_bench,gen_3,JAX,active,285,
YB-2025-JAX043,hybrid_bench,gen_3,JAX,active,285,
YB-2025-JAX044,hybrid_bench,gen_3,JAX,active,285,
YB-2025-JAX045,hybrid_bench,gen_3,JAX,active,285,
YB-2025-JAX046,hybrid_bench,gen_3,JAX,active,285,
YB-2025-JAX047,hybrid_bench,gen_3,JAX,active,285,
YB-2025-JAX048,hybrid_bench,gen_3,JAX,active,285,
YB-2025-JAX049,hybrid_bench,gen_3,JAX,active,285,
YB-2025-JAX050,hybrid_bench,gen_3,JAX,active,285,
YB-2025-JAX051,hybrid_bench,gen_3,JAX,active,285,
YB-2025-JAX052,hybrid_bench,gen_3,JAX,active,285,
YB-2025-JAX053,hybrid_bench,gen_3,JAX,active,285,
YB-2025-JAX054,hybrid_bench,gen_3,JAX,active,285,
YB-2025-JAX055,hybrid_bench,gen_3,JAX,active,285,
YB-2025-JAX056,hybrid_bench,gen_3,JAX,active,285,
YB-2025-JAX057,hybrid_bench,gen_3,JAX,active,285,
YB-2025-JAX058,hybrid_bench,gen_3,JAX,active,285,
YB-2025-JAX059,hybrid_bench,gen_3,JAX,active,285,
YB-2025-JAX060,hybrid_bench,gen_3,JAX,active,285,
HB-2025-JAX001,heated_bench,gen_4,JAX,active,210,
HB-2025-JAX002,heated_bench,gen_4,JAX,active,210,
HB-2025-JAX003,heated_bench,gen_4,JAX,active,210,
HB-2025-JAX004,heated_bench,gen_4,JAX,active,210,
HB-2025-JAX005,heated_bench,gen_4,JAX,active,210,
HB-2025-JAX006,heated_bench,gen_4,JAX,active,210,
HB-2025-JAX007,heated_bench,gen_4,JAX,active,210,
HB-2025-JAX008,heated_bench,gen_4,JAX,active,210,
HB-2025-JAX009,heated_bench,gen_4,JAX,active,210,
HB-2025-JAX010,heated_bench,gen_4,JAX,active,210,
HB-2025-JAX011,heated_bench,gen_4,JAX,active,210,
HB-2025-JAX012,heated_bench,gen_4,JAX,active,210,
HB-2025-JAX013,heated_bench,gen_4,JAX,active,210,
HB-2025-JAX014,heated_bench,gen_4,JAX,active,210,
HB-2025-JAX015,heated_bench,gen_4,JAX,active,210,
HB-2025-JAX016,heated_bench,gen_4,JAX,active,210,
HB-2025-JAX017,heated_bench,gen_4,JAX,active,210,
HB-2025-JAX018,heated_bench,gen_4,JAX,active,210,
HB-2025-JAX019,heated_bench,gen_4,JAX,active,210,
HB-2025-JAX020,heated_bench,gen_4,JAX,active,210,
HB-2025-JAX021,heated_bench,gen_4,JAX,active,210,
HB-2025-JAX022,heated_bench,gen_4,JAX,active,210,
HB-2025-JAX023,heated_bench,gen_4,JAX,active,210,
HB-2025-JAX024,heated_bench,gen_4,JAX,active,210,
HB-2025-JAX025,heated_bench,gen_4,JAX,active,210,
HB-2025-JAX026,heated_bench,gen_4,JAX,active,210,
HB-2025-JAX027,heated_bench,gen_4,JAX,active,210,
HB-2025-JAX028,heated_bench,gen_4,JAX,active,210,
HB-2025-JAX029,heated_bench,gen_4,JAX,active,210,
HB-2025-JAX030,heated_bench,gen_4,JAX,active,210,
HB-2025-JAX031,heated_bench,gen_4,JAX,active,210,
HB-2025-JAX032,heated_bench,gen_4,JAX,active,210,
HB-2025-JAX033,heated_bench,gen_4,JAX,active,210,
HB-2025-JAX034,heated_bench,gen_4,JAX,active,210,
HB-2025-JAX035,heated_bench,gen_4,JAX,active,210,
HB-2025-JAX036,heated_bench,gen_4,JAX,active,210,
HB-2025-JAX037,heated_bench,gen_4,JAX,active,210,
HB-2025-JAX038,heated_bench,gen_4,JAX,active,210,
HB-2025-JAX039,heated_bench,gen_4,JAX,active,210,
HB-2025-JAX040,heated_bench,gen_4,JAX,active,210,
HB-2025-JAX041,heated_bench,gen_4,JAX,active,210,
HB-2025-JAX042,heated_bench,gen_4,JAX,active,210,
HB-2025-JAX043,heated_bench,gen_3,JAX,active,210,
HB-2025-JAX044,heated_bench,gen_3,JAX,active,210,
HB-2025-JAX045,heated_bench,gen_3,JAX,active,210,
HB-2025-JAX046,heated_bench,gen_3,JAX,active,210,
HB-2025-JAX047,heated_bench,gen_3,JAX,active,210,
HB-2025-JAX048,heated_bench,gen_3,JAX,active,210,
HB-2025-JAX049,heated_bench,gen_3,JAX,active,210,
HB-2025-JAX050,heated_bench,gen_3,JAX,active,210,
HB-2025-JAX051,heated_bench,gen_3,JAX,active,210,
HB-2025-JAX052,heated_bench,gen_3,JAX,active,210,
HB-2025-JAX053,heated_bench,gen_3,JAX,active,210,
HB-2025-JAX054,heated_bench,gen_3,JAX,active,210,
HB-2025-JAX055,heated_bench,gen_3,JAX,active,210,
HB-2025-JAX056,heated_bench,gen_3,JAX,active,210,"Rebranding scenario Week 7"
HB-2025-JAX057,heated_bench,gen_3,JAX,active,210,"Rebranding scenario Week 10"
HB-2025-JAX058,heated_bench,gen_3,JAX,active,210,"Rebranding scenario Week 13"
HB-2025-JAX059,heated_bench,gen_3,JAX,active,210,
HB-2025-JAX060,heated_bench,gen_3,JAX,active,210,
HB-2025-JAX061,heated_bench,gen_3,JAX,active,210,
HB-2025-JAX062,heated_bench,gen_3,JAX,active,210,
HB-2025-JAX063,heated_bench,gen_3,JAX,active,210,
HB-2025-JAX064,heated_bench,gen_3,JAX,active,210,
HB-2025-JAX065,heated_bench,gen_3,JAX,active,210,
DS-2025-JAX001,dragon_shader,gen_4,JAX,active,165,
DS-2025-JAX002,dragon_shader,gen_4,JAX,active,165,
DS-2025-JAX003,dragon_shader,gen_4,JAX,active,165,
DS-2025-JAX004,dragon_shader,gen_4,JAX,active,165,
DS-2025-JAX005,dragon_shader,gen_4,JAX,active,165,
DS-2025-JAX006,dragon_shader,gen_4,JAX,active,165,
DS-2025-JAX007,dragon_shader,gen_4,JAX,active,165,
DS-2025-JAX008,dragon_shader,gen_4,JAX,active,165,
DS-2025-JAX009,dragon_shader,gen_4,JAX,active,165,
DS-2025-JAX010,dragon_shader,gen_4,JAX,active,165,
DS-2025-JAX011,dragon_shader,gen_4,JAX,active,165,
DS-2025-JAX012,dragon_shader,gen_4,JAX,active,165,
DS-2025-JAX013,dragon_shader,gen_4,JAX,active,165,
DS-2025-JAX014,dragon_shader,gen_4,JAX,active,165,
DS-2025-JAX015,dragon_shader,gen_4,JAX,active,165,
DS-2025-JAX016,dragon_shader,gen_4,JAX,active,165,
DS-2025-JAX017,dragon_shader,gen_4,JAX,active,165,
DS-2025-JAX018,dragon_shader,gen_4,JAX,active,165,
DS-2025-JAX019,dragon_shader,gen_4,JAX,active,165,
DS-2025-JAX020,dragon_shader,gen_4,JAX,active,165,
DS-2025-JAX021,dragon_shader,gen_4,JAX,active,165,
DS-2025-JAX022,dragon_shader,gen_4,JAX,active,165,
DS-2025-JAX023,dragon_shader,gen_4,JAX,active,165,
DS-2025-JAX024,dragon_shader,gen_3,JAX,active,165,
DS-2025-JAX025,dragon_shader,gen_3,JAX,active,165,
DS-2025-JAX026,dragon_shader,gen_3,JAX,active,165,
DS-2025-JAX027,dragon_shader,gen_3,JAX,active,165,
DS-2025-JAX028,dragon_shader,gen_3,JAX,active,165,
DS-2025-JAX029,dragon_shader,gen_3,JAX,active,165,
DS-2025-JAX030,dragon_shader,gen_3,JAX,active,165,
DS-2025-JAX031,dragon_shader,gen_3,JAX,active,165,
DS-2025-JAX032,dragon_shader,gen_3,JAX,active,165,
DS-2025-JAX033,dragon_shader,gen_3,JAX,active,165,
DS-2025-JAX034,dragon_shader,gen_3,JAX,active,165,
DS-2025-JAX035,dragon_shader,gen_3,JAX,active,165,
FD-2025-JAX001,heated_foot_deck,gen_4,JAX,active,95,
FD-2025-JAX002,heated_foot_deck,gen_4,JAX,active,95,
FD-2025-JAX003,heated_foot_deck,gen_4,JAX,active,95,
FD-2025-JAX004,heated_foot_deck,gen_4,JAX,active,95,
FD-2025-JAX005,heated_foot_deck,gen_4,JAX,active,95,
FD-2025-JAX006,heated_foot_deck,gen_4,JAX,active,95,
FD-2025-JAX007,heated_foot_deck,gen_4,JAX,active,95,
FD-2025-JAX008,heated_foot_deck,gen_4,JAX,active,95,
FD-2025-JAX009,heated_foot_deck,gen_4,JAX,active,95,
FD-2025-JAX010,heated_foot_deck,gen_4,JAX,active,95,
FD-2025-JAX011,heated_foot_deck,gen_4,JAX,active,95,
FD-2025-JAX012,heated_foot_deck,gen_4,JAX,active,95,
FD-2025-JAX013,heated_foot_deck,gen_4,JAX,active,95,
FD-2025-JAX014,heated_foot_deck,gen_4,JAX,active,95,
FD-2025-JAX015,heated_foot_deck,gen_4,JAX,active,95,
FD-2025-JAX016,heated_foot_deck,gen_4,JAX,active,95,
FD-2025-JAX017,heated_foot_deck,gen_4,JAX,active,95,
FD-2025-JAX018,heated_foot_deck,gen_4,JAX,active,95,
FD-2025-JAX019,heated_foot_deck,gen_4,JAX,active,95,
FD-2025-JAX020,heated_foot_deck,gen_4,JAX,active,95,
FD-2025-JAX021,heated_foot_deck,gen_4,JAX,active,95,
FD-2025-JAX022,heated_foot_deck,gen_4,JAX,active,95,
FD-2025-JAX023,heated_foot_deck,gen_4,JAX,active,95,
FD-2025-JAX024,heated_foot_deck,gen_4,JAX,active,95,
FD-2025-JAX025,heated_foot_deck,gen_4,JAX,active,95,
FD-2025-JAX026,heated_foot_deck,gen_4,JAX,active,95,
FD-2025-JAX027,heated_foot_deck,gen_4,JAX,active,95,
FD-2025-JAX028,heated_foot_deck,gen_4,JAX,active,95,
FD-2025-JAX029,heated_foot_deck,gen_4,JAX,active,95,
FD-2025-JAX030,heated_foot_deck,gen_4,JAX,active,95,
FD-2025-JAX031,heated_foot_deck,gen_4,JAX,active,95,
FD-2025-JAX032,heated_foot_deck,gen_4,JAX,active,95,
FD-2025-JAX033,heated_foot_deck,gen_4,JAX,active,95,
FD-2025-JAX034,heated_foot_deck,gen_4,JAX,active,95,
FD-2025-JAX035,heated_foot_deck,gen_4,JAX,active,95,
FD-2025-JAX036,heated_foot_deck,gen_4,JAX,active,95,
FD-2025-JAX037,heated_foot_deck,gen_4,JAX,active,95,
FD-2025-JAX038,heated_foot_deck,gen_4,JAX,active,95,
FD-2025-JAX039,heated_foot_deck,gen_4,JAX,active,95,
FD-2025-JAX040,heated_foot_deck,gen_4,JAX,active,95,
FD-2025-JAX041,heated_foot_deck,gen_4,JAX,active,95,
FD-2025-JAX042,heated_foot_deck,gen_4,JAX,active,95,
FD-2025-JAX043,heated_foot_deck,gen_3,JAX,active,95,
FD-2025-JAX044,heated_foot_deck,gen_3,JAX,active,95,
FD-2025-JAX045,heated_foot_deck,gen_3,JAX,active,95,
FD-2025-JAX046,heated_foot_deck,gen_3,JAX,active,95,
FD-2025-JAX047,heated_foot_deck,gen_3,JAX,active,95,
FD-2025-JAX048,heated_foot_deck,gen_3,JAX,active,95,
FD-2025-JAX049,heated_foot_deck,gen_3,JAX,active,95,
FD-2025-JAX050,heated_foot_deck,gen_3,JAX,active,95,
FD-2025-JAX051,heated_foot_deck,gen_3,JAX,active,95,
FD-2025-JAX052,heated_foot_deck,gen_3,JAX,active,95,
FD-2025-JAX053,heated_foot_deck,gen_3,JAX,active,95,
FD-2025-JAX054,heated_foot_deck,gen_3,JAX,active,95,
FD-2025-JAX055,heated_foot_deck,gen_3,JAX,active,95,
FD-2025-JAX056,heated_foot_deck,gen_3,JAX,active,95,
FD-2025-JAX057,heated_foot_deck,gen_3,JAX,active,95,
FD-2025-JAX058,heated_foot_deck,gen_3,JAX,active,95,
FD-2025-JAX059,heated_foot_deck,gen_3,JAX,active,95,
FD-2025-JAX060,heated_foot_deck,gen_3,JAX,active,95,
FD-2025-JAX061,heated_foot_deck,gen_3,JAX,active,95,
FD-2025-JAX062,heated_foot_deck,gen_3,JAX,active,95,
FD-2025-JAX063,heated_foot_deck,gen_3,JAX,active,95,
FD-2025-JAX064,heated_foot_deck,gen_3,JAX,active,95,
