customer_name,contract_type,start_date,end_date,asset_type,model_version,quantity,branding_spec,notes
Cleveland Browns,lease_5yr,2023-01-01,2027-12-31,hybrid_bench,Gen 4,8,Browns Orange + Dragon Seats,
Cleveland Browns,lease_5yr,2023-01-01,2027-12-31,heated_foot_deck,Gen 4,8,Browns Orange + Dragon Seats,
Pittsburgh Steelers,lease_5yr,2023-01-01,2027-12-31,hybrid_bench,Gen 4,8,Steelers Gold/Black + Dragon Seats,
Pittsburgh Steelers,lease_5yr,2023-01-01,2027-12-31,heated_foot_deck,Gen 4,8,Steelers Gold/Black + Dragon Seats,
Kansas City Chiefs,lease_5yr,2023-01-01,2027-12-31,hybrid_bench,Gen 4,8,Chiefs Red + Dragon Seats,
Kansas City Chiefs,lease_5yr,2023-01-01,2027-12-31,heated_foot_deck,Gen 4,8,Chiefs Red + Dragon Seats,
Philadelphia Eagles,lease_5yr,2023-01-01,2027-12-31,hybrid_bench,Gen 4,8,Eagles Green + Dragon Seats,
Philadelphia Eagles,lease_5yr,2023-01-01,2027-12-31,heated_foot_deck,Gen 4,8,Eagles Green + Dragon Seats,
New England Patriots,lease_5yr,2023-01-01,2027-12-31,hybrid_bench,Gen 4,8,Patriots Navy/Red + Dragon Seats,
New England Patriots,lease_5yr,2023-01-01,2027-12-31,heated_foot_deck,Gen 4,8,Patriots Navy/Red + Dragon Seats,
Cincinnati Bengals,lease_3yr,2024-01-01,2026-12-31,hybrid_bench,Gen 4,8,Bengals Orange/Black + Dragon Seats,
Cincinnati Bengals,lease_3yr,2024-01-01,2026-12-31,heated_foot_deck,Gen 4,8,Bengals Orange/Black + Dragon Seats,
Detroit Lions,lease_3yr,2024-01-01,2026-12-31,hybrid_bench,Gen 4,8,Lions Blue + Dragon Seats,
Detroit Lions,lease_3yr,2024-01-01,2026-12-31,heated_foot_deck,Gen 4,8,Lions Blue + Dragon Seats,
Indianapolis Colts,lease_3yr,2024-01-01,2026-12-31,hybrid_bench,Gen 4,8,Colts Blue + Dragon Seats,
Indianapolis Colts,lease_3yr,2024-01-01,2026-12-31,heated_foot_deck,Gen 4,8,Colts Blue + Dragon Seats,
Baltimore Ravens,lease_3yr,2024-01-01,2026-12-31,hybrid_bench,Gen 4,8,Ravens Purple + Dragon Seats,
Baltimore Ravens,lease_3yr,2024-01-01,2026-12-31,heated_foot_deck,Gen 4,8,Ravens Purple + Dragon Seats,
New York Giants,lease_3yr,2024-01-01,2026-12-31,hybrid_bench,Gen 4,8,Giants Blue + Dragon Seats,
New York Giants,lease_3yr,2024-01-01,2026-12-31,heated_foot_deck,Gen 4,8,Giants Blue + Dragon Seats,
New York Jets,lease_3yr,2024-01-01,2026-12-31,hybrid_bench,Gen 4,8,Jets Green + Dragon Seats,
New York Jets,lease_3yr,2024-01-01,2026-12-31,heated_foot_deck,Gen 4,8,Jets Green + Dragon Seats,
Buffalo Bills,lease_3yr,2024-01-01,2026-12-31,hybrid_bench,Gen 4,8,Bills Blue/Red + Dragon Seats,
Buffalo Bills,lease_3yr,2024-01-01,2026-12-31,heated_foot_deck,Gen 4,8,Bills Blue/Red + Dragon Seats,
Minnesota Vikings,lease_3yr,2024-01-01,2026-12-31,hybrid_bench,Gen 4,8,Vikings Purple + Dragon Seats,
Minnesota Vikings,lease_3yr,2024-01-01,2026-12-31,heated_foot_deck,Gen 4,8,Vikings Purple + Dragon Seats,
Chicago Bears,lease_3yr,2024-01-01,2026-12-31,hybrid_bench,Gen 4,8,Bears Navy/Orange + Dragon Seats,
Chicago Bears,lease_3yr,2024-01-01,2026-12-31,heated_foot_deck,Gen 4,8,Bears Navy/Orange + Dragon Seats,
Atlanta Falcons,lease_3yr,2024-01-01,2026-12-31,hybrid_bench,Gen 4,8,Falcons Red/Black + Dragon Seats,
Atlanta Falcons,lease_3yr,2024-01-01,2026-12-31,heated_foot_deck,Gen 4,8,Falcons Red/Black + Dragon Seats,
Tampa Bay Buccaneers,lease_3yr,2024-01-01,2026-12-31,hybrid_bench,Gen 4,8,Bucs Pewter/Red + Dragon Seats,
Tampa Bay Buccaneers,lease_3yr,2024-01-01,2026-12-31,heated_foot_deck,Gen 4,8,Bucs Pewter/Red + Dragon Seats,
Dallas Cowboys,lease_3yr,2024-01-01,2026-12-31,hybrid_bench,Gen 4,8,Cowboys Silver/Blue + Dragon Seats,
Dallas Cowboys,lease_3yr,2024-01-01,2026-12-31,heated_foot_deck,Gen 4,8,Cowboys Silver/Blue + Dragon Seats,
Green Bay Packers,lease_1yr,2025-01-01,2025-12-31,hybrid_bench,Gen 4,8,Packers Green/Gold + Dragon Seats,
Green Bay Packers,lease_1yr,2025-01-01,2025-12-31,heated_foot_deck,Gen 4,8,Packers Green/Gold + Dragon Seats,
Denver Broncos,lease_1yr,2025-01-01,2025-12-31,hybrid_bench,Gen 4,8,Broncos Orange/Navy + Dragon Seats,
Denver Broncos,lease_1yr,2025-01-01,2025-12-31,heated_foot_deck,Gen 4,8,Broncos Orange/Navy + Dragon Seats,
Tennessee Titans,lease_1yr,2025-01-01,2025-12-31,hybrid_bench,Gen 4,8,Titans Navy/Light Blue + Dragon Seats,
Tennessee Titans,lease_1yr,2025-01-01,2025-12-31,heated_foot_deck,Gen 4,8,Titans Navy/Light Blue + Dragon Seats,
Carolina Panthers,lease_1yr,2025-01-01,2025-12-31,hybrid_bench,Gen 4,8,Panthers Blue/Black + Dragon Seats,
Carolina Panthers,lease_1yr,2025-01-01,2025-12-31,heated_foot_deck,Gen 4,8,Panthers Blue/Black + Dragon Seats,
Washington Commanders,lease_1yr,2025-01-01,2025-12-31,hybrid_bench,Gen 4,8,Commanders Burgundy/Gold + Dragon Seats,
Washington Commanders,lease_1yr,2025-01-01,2025-12-31,heated_foot_deck,Gen 4,8,Commanders Burgundy/Gold + Dragon Seats,
Jacksonville Jaguars,lease_1yr,2025-01-01,2025-12-31,hybrid_bench,Gen 4,8,Jaguars Teal/Gold + Dragon Seats,
Jacksonville Jaguars,lease_1yr,2025-01-01,2025-12-31,heated_foot_deck,Gen 4,8,Jaguars Teal/Gold + Dragon Seats,
New Orleans Saints,one_off_rental,2025-09-01,2026-01-31,hybrid_bench,Gen 4,8,Saints Gold/Black + Dragon Seats,
New Orleans Saints,one_off_rental,2025-09-01,2026-01-31,heated_foot_deck,Gen 4,8,Saints Gold/Black + Dragon Seats,
Miami Dolphins,one_off_rental,2025-09-01,2026-01-31,hybrid_bench,Gen 4,8,Dolphins Aqua/Orange + Dragon Seats,
Miami Dolphins,one_off_rental,2025-09-01,2026-01-31,heated_foot_deck,Gen 4,8,Dolphins Aqua/Orange + Dragon Seats,
Alabama Crimson Tide,conference_deal,2025-07-01,2026-06-30,heated_bench,Gen 4,3,Alabama Crimson + Dragon Seats,
Alabama Crimson Tide,conference_deal,2025-07-01,2026-06-30,dragon_shader,Gen 4,3,Alabama Crimson + Dragon Seats,
Alabama Crimson Tide,conference_deal,2025-07-01,2026-06-30,heated_foot_deck,Gen 4,3,Alabama Crimson + Dragon Seats,
Auburn Tigers,conference_deal,2025-07-01,2026-06-30,heated_bench,Gen 4,3,Auburn Orange/Navy + Dragon Seats,
Auburn Tigers,conference_deal,2025-07-01,2026-06-30,dragon_shader,Gen 4,3,Auburn Orange/Navy + Dragon Seats,
Auburn Tigers,conference_deal,2025-07-01,2026-06-30,heated_foot_deck,Gen 4,3,Auburn Orange/Navy + Dragon Seats,
Florida Gators,conference_deal,2025-07-01,2026-06-30,heated_bench,Gen 4,3,Florida Orange/Blue + Dragon Seats,
Florida Gators,conference_deal,2025-07-01,2026-06-30,dragon_shader,Gen 4,3,Florida Orange/Blue + Dragon Seats,
Florida Gators,conference_deal,2025-07-01,2026-06-30,heated_foot_deck,Gen 4,3,Florida Orange/Blue + Dragon Seats,
Georgia Bulldogs,conference_deal,2025-07-01,2026-06-30,heated_bench,Gen 4,3,Georgia Red/Black + Dragon Seats,
Georgia Bulldogs,conference_deal,2025-07-01,2026-06-30,dragon_shader,Gen 4,3,Georgia Red/Black + Dragon Seats,
Georgia Bulldogs,conference_deal,2025-07-01,2026-06-30,heated_foot_deck,Gen 4,3,Georgia Red/Black + Dragon Seats,
Kentucky Wildcats,conference_deal,2025-07-01,2026-06-30,heated_bench,Gen 4,3,Kentucky Blue + Dragon Seats,
Kentucky Wildcats,conference_deal,2025-07-01,2026-06-30,dragon_shader,Gen 4,3,Kentucky Blue + Dragon Seats,
Kentucky Wildcats,conference_deal,2025-07-01,2026-06-30,heated_foot_deck,Gen 4,3,Kentucky Blue + Dragon Seats,
LSU Tigers,conference_deal,2025-07-01,2026-06-30,heated_bench,Gen 4,3,LSU Purple/Gold + Dragon Seats,
LSU Tigers,conference_deal,2025-07-01,2026-06-30,dragon_shader,Gen 4,3,LSU Purple/Gold + Dragon Seats,
LSU Tigers,conference_deal,2025-07-01,2026-06-30,heated_foot_deck,Gen 4,3,LSU Purple/Gold + Dragon Seats,
Mississippi State Bulldogs,conference_deal,2025-07-01,2026-06-30,heated_bench,Gen 4,3,Mississippi State Maroon + Dragon Seats,
Mississippi State Bulldogs,conference_deal,2025-07-01,2026-06-30,dragon_shader,Gen 4,3,Mississippi State Maroon + Dragon Seats,
Mississippi State Bulldogs,conference_deal,2025-07-01,2026-06-30,heated_foot_deck,Gen 4,3,Mississippi State Maroon + Dragon Seats,
Ole Miss Rebels,conference_deal,2025-07-01,2026-06-30,heated_bench,Gen 4,3,Ole Miss Red/Blue + Dragon Seats,
Ole Miss Rebels,conference_deal,2025-07-01,2026-06-30,dragon_shader,Gen 4,3,Ole Miss Red/Blue + Dragon Seats,
Ole Miss Rebels,conference_deal,2025-07-01,2026-06-30,heated_foot_deck,Gen 4,3,Ole Miss Red/Blue + Dragon Seats,
South Carolina Gamecocks,conference_deal,2025-07-01,2026-06-30,heated_bench,Gen 4,3,South Carolina Garnet + Dragon Seats,
South Carolina Gamecocks,conference_deal,2025-07-01,2026-06-30,dragon_shader,Gen 4,3,South Carolina Garnet + Dragon Seats,
South Carolina Gamecocks,conference_deal,2025-07-01,2026-06-30,heated_foot_deck,Gen 4,3,South Carolina Garnet + Dragon Seats,
Tennessee Volunteers,conference_deal,2025-07-01,2026-06-30,heated_bench,Gen 4,3,Tennessee Orange + Dragon Seats,
Tennessee Volunteers,conference_deal,2025-07-01,2026-06-30,dragon_shader,Gen 4,3,Tennessee Orange + Dragon Seats,
Tennessee Volunteers,conference_deal,2025-07-01,2026-06-30,heated_foot_deck,Gen 4,3,Tennessee Orange + Dragon Seats,
Vanderbilt Commodores,conference_deal,2025-07-01,2026-06-30,heated_bench,Gen 4,3,Vanderbilt Gold/Black + Dragon Seats,
Vanderbilt Commodores,conference_deal,2025-07-01,2026-06-30,dragon_shader,Gen 4,3,Vanderbilt Gold/Black + Dragon Seats,
Vanderbilt Commodores,conference_deal,2025-07-01,2026-06-30,heated_foot_deck,Gen 4,3,Vanderbilt Gold/Black + Dragon Seats,
Missouri Tigers,conference_deal,2025-07-01,2026-06-30,heated_bench,Gen 4,3,Missouri Gold/Black + Dragon Seats,
Missouri Tigers,conference_deal,2025-07-01,2026-06-30,dragon_shader,Gen 4,3,Missouri Gold/Black + Dragon Seats,
Missouri Tigers,conference_deal,2025-07-01,2026-06-30,heated_foot_deck,Gen 4,3,Missouri Gold/Black + Dragon Seats,
Arkansas Razorbacks,conference_deal,2025-07-01,2026-06-30,heated_bench,Gen 4,3,Arkansas Cardinal/White + Dragon Seats,
Arkansas Razorbacks,conference_deal,2025-07-01,2026-06-30,dragon_shader,Gen 4,3,Arkansas Cardinal/White + Dragon Seats,
Arkansas Razorbacks,conference_deal,2025-07-01,2026-06-30,heated_foot_deck,Gen 4,3,Arkansas Cardinal/White + Dragon Seats,
Oklahoma Sooners,conference_deal,2025-07-01,2026-06-30,heated_bench,Gen 4,3,Oklahoma Crimson + Dragon Seats,
Oklahoma Sooners,conference_deal,2025-07-01,2026-06-30,dragon_shader,Gen 4,3,Oklahoma Crimson + Dragon Seats,
Oklahoma Sooners,conference_deal,2025-07-01,2026-06-30,heated_foot_deck,Gen 4,3,Oklahoma Crimson + Dragon Seats,
Texas Longhorns,conference_deal,2025-07-01,2026-06-30,heated_bench,Gen 4,3,Texas Burnt Orange + Dragon Seats,
Texas Longhorns,conference_deal,2025-07-01,2026-06-30,dragon_shader,Gen 4,3,Texas Burnt Orange + Dragon Seats,
Texas Longhorns,conference_deal,2025-07-01,2026-06-30,heated_foot_deck,Gen 4,3,Texas Burnt Orange + Dragon Seats,
Texas A&M Aggies,conference_deal,2025-07-01,2026-06-30,heated_bench,Gen 4,3,Texas A&M Maroon + Dragon Seats,
Texas A&M Aggies,conference_deal,2025-07-01,2026-06-30,dragon_shader,Gen 4,3,Texas A&M Maroon + Dragon Seats,
Texas A&M Aggies,conference_deal,2025-07-01,2026-06-30,heated_foot_deck,Gen 4,3,Texas A&M Maroon + Dragon Seats,
Ohio State Buckeyes,conference_deal,2025-07-01,2026-06-30,heated_bench,Gen 4,3,Ohio State Scarlet/Gray + Dragon Seats,
Ohio State Buckeyes,conference_deal,2025-07-01,2026-06-30,dragon_shader,Gen 4,3,Ohio State Scarlet/Gray + Dragon Seats,
Ohio State Buckeyes,conference_deal,2025-07-01,2026-06-30,heated_foot_deck,Gen 4,3,Ohio State Scarlet/Gray + Dragon Seats,
Michigan Wolverines,conference_deal,2025-07-01,2026-06-30,heated_bench,Gen 4,3,Michigan Maize/Blue + Dragon Seats,
Michigan Wolverines,conference_deal,2025-07-01,2026-06-30,dragon_shader,Gen 4,3,Michigan Maize/Blue + Dragon Seats,
Michigan Wolverines,conference_deal,2025-07-01,2026-06-30,heated_foot_deck,Gen 4,3,Michigan Maize/Blue + Dragon Seats,
Michigan State Spartans,conference_deal,2025-07-01,2026-06-30,heated_bench,Gen 4,3,Michigan State Green + Dragon Seats,
Michigan State Spartans,conference_deal,2025-07-01,2026-06-30,dragon_shader,Gen 4,3,Michigan State Green + Dragon Seats,
Michigan State Spartans,conference_deal,2025-07-01,2026-06-30,heated_foot_deck,Gen 4,3,Michigan State Green + Dragon Seats,
Penn State Nittany Lions,conference_deal,2025-07-01,2026-06-30,heated_bench,Gen 4,3,Penn State Blue/White + Dragon Seats,
Penn State Nittany Lions,conference_deal,2025-07-01,2026-06-30,dragon_shader,Gen 4,3,Penn State Blue/White + Dragon Seats,
Penn State Nittany Lions,conference_deal,2025-07-01,2026-06-30,heated_foot_deck,Gen 4,3,Penn State Blue/White + Dragon Seats,
Indiana Hoosiers,conference_deal,2025-07-01,2026-06-30,heated_bench,Gen 4,3,Indiana Crimson + Dragon Seats,
Indiana Hoosiers,conference_deal,2025-07-01,2026-06-30,dragon_shader,Gen 4,3,Indiana Crimson + Dragon Seats,
Indiana Hoosiers,conference_deal,2025-07-01,2026-06-30,heated_foot_deck,Gen 4,3,Indiana Crimson + Dragon Seats,
Purdue Boilermakers,conference_deal,2025-07-01,2026-06-30,heated_bench,Gen 4,3,Purdue Gold/Black + Dragon Seats,
Purdue Boilermakers,conference_deal,2025-07-01,2026-06-30,dragon_shader,Gen 4,3,Purdue Gold/Black + Dragon Seats,
Purdue Boilermakers,conference_deal,2025-07-01,2026-06-30,heated_foot_deck,Gen 4,3,Purdue Gold/Black + Dragon Seats,
Northwestern Wildcats,conference_deal,2025-07-01,2026-06-30,heated_bench,Gen 4,3,Northwestern Purple + Dragon Seats,
Northwestern Wildcats,conference_deal,2025-07-01,2026-06-30,dragon_shader,Gen 4,3,Northwestern Purple + Dragon Seats,
Northwestern Wildcats,conference_deal,2025-07-01,2026-06-30,heated_foot_deck,Gen 4,3,Northwestern Purple + Dragon Seats,
Illinois Fighting Illini,conference_deal,2025-07-01,2026-06-30,heated_bench,Gen 4,3,Illinois Orange/Navy + Dragon Seats,
Illinois Fighting Illini,conference_deal,2025-07-01,2026-06-30,dragon_shader,Gen 4,3,Illinois Orange/Navy + Dragon Seats,
Illinois Fighting Illini,conference_deal,2025-07-01,2026-06-30,heated_foot_deck,Gen 4,3,Illinois Orange/Navy + Dragon Seats,
Iowa Hawkeyes,conference_deal,2025-07-01,2026-06-30,heated_bench,Gen 4,3,Iowa Gold/Black + Dragon Seats,
Iowa Hawkeyes,conference_deal,2025-07-01,2026-06-30,dragon_shader,Gen 4,3,Iowa Gold/Black + Dragon Seats,
Iowa Hawkeyes,conference_deal,2025-07-01,2026-06-30,heated_foot_deck,Gen 4,3,Iowa Gold/Black + Dragon Seats,
Minnesota Golden Gophers,conference_deal,2025-07-01,2026-06-30,heated_bench,Gen 4,3,Minnesota Maroon/Gold + Dragon Seats,
Minnesota Golden Gophers,conference_deal,2025-07-01,2026-06-30,dragon_shader,Gen 4,3,Minnesota Maroon/Gold + Dragon Seats,
Minnesota Golden Gophers,conference_deal,2025-07-01,2026-06-30,heated_foot_deck,Gen 4,3,Minnesota Maroon/Gold + Dragon Seats,
Wisconsin Badgers,conference_deal,2025-07-01,2026-06-30,heated_bench,Gen 4,3,Wisconsin Cardinal/White + Dragon Seats,
Wisconsin Badgers,conference_deal,2025-07-01,2026-06-30,dragon_shader,Gen 4,3,Wisconsin Cardinal/White + Dragon Seats,
Wisconsin Badgers,conference_deal,2025-07-01,2026-06-30,heated_foot_deck,Gen 4,3,Wisconsin Cardinal/White + Dragon Seats,
Rutgers Scarlet Knights,conference_deal,2025-07-01,2026-06-30,heated_bench,Gen 4,3,Rutgers Scarlet + Dragon Seats,
Rutgers Scarlet Knights,conference_deal,2025-07-01,2026-06-30,dragon_shader,Gen 4,3,Rutgers Scarlet + Dragon Seats,
Rutgers Scarlet Knights,conference_deal,2025-07-01,2026-06-30,heated_foot_deck,Gen 4,3,Rutgers Scarlet + Dragon Seats,
Maryland Terrapins,conference_deal,2025-07-01,2026-06-30,heated_bench,Gen 4,3,Maryland Red/Gold + Dragon Seats,
Maryland Terrapins,conference_deal,2025-07-01,2026-06-30,dragon_shader,Gen 4,3,Maryland Red/Gold + Dragon Seats,
Maryland Terrapins,conference_deal,2025-07-01,2026-06-30,heated_foot_deck,Gen 4,3,Maryland Red/Gold + Dragon Seats,
Nebraska Cornhuskers,conference_deal,2025-07-01,2026-06-30,heated_bench,Gen 4,3,Nebraska Scarlet + Dragon Seats,
Nebraska Cornhuskers,conference_deal,2025-07-01,2026-06-30,dragon_shader,Gen 4,3,Nebraska Scarlet + Dragon Seats,
Nebraska Cornhuskers,conference_deal,2025-07-01,2026-06-30,heated_foot_deck,Gen 4,3,Nebraska Scarlet + Dragon Seats,
Oregon Ducks,conference_deal,2025-07-01,2026-06-30,heated_bench,Gen 4,3,Oregon Green/Yellow + Dragon Seats,
Oregon Ducks,conference_deal,2025-07-01,2026-06-30,dragon_shader,Gen 4,3,Oregon Green/Yellow + Dragon Seats,
Oregon Ducks,conference_deal,2025-07-01,2026-06-30,heated_foot_deck,Gen 4,3,Oregon Green/Yellow + Dragon Seats,
Washington Huskies,conference_deal,2025-07-01,2026-06-30,heated_bench,Gen 4,3,Washington Purple/Gold + Dragon Seats,
Washington Huskies,conference_deal,2025-07-01,2026-06-30,dragon_shader,Gen 4,3,Washington Purple/Gold + Dragon Seats,
Washington Huskies,conference_deal,2025-07-01,2026-06-30,heated_foot_deck,Gen 4,3,Washington Purple/Gold + Dragon Seats,
UCLA Bruins,conference_deal,2025-07-01,2026-06-30,heated_bench,Gen 4,3,UCLA Blue/Gold + Dragon Seats,
UCLA Bruins,conference_deal,2025-07-01,2026-06-30,dragon_shader,Gen 4,3,UCLA Blue/Gold + Dragon Seats,
UCLA Bruins,conference_deal,2025-07-01,2026-06-30,heated_foot_deck,Gen 4,3,UCLA Blue/Gold + Dragon Seats,
USC Trojans,conference_deal,2025-07-01,2026-06-30,heated_bench,Gen 4,3,USC Cardinal/Gold + Dragon Seats,
USC Trojans,conference_deal,2025-07-01,2026-06-30,dragon_shader,Gen 4,3,USC Cardinal/Gold + Dragon Seats,
USC Trojans,conference_deal,2025-07-01,2026-06-30,heated_foot_deck,Gen 4,3,USC Cardinal/Gold + Dragon Seats,
Notre Dame Fighting Irish,conference_deal,2025-07-01,2026-06-30,heated_bench,Gen 4,3,Notre Dame Gold/Navy + Dragon Seats,
Notre Dame Fighting Irish,conference_deal,2025-07-01,2026-06-30,dragon_shader,Gen 4,3,Notre Dame Gold/Navy + Dragon Seats,
Notre Dame Fighting Irish,conference_deal,2025-07-01,2026-06-30,heated_foot_deck,Gen 4,3,Notre Dame Gold/Navy + Dragon Seats,
Clemson Tigers,conference_deal,2025-07-01,2026-06-30,heated_bench,Gen 4,3,Clemson Orange/Purple + Dragon Seats,
Clemson Tigers,conference_deal,2025-07-01,2026-06-30,dragon_shader,Gen 4,3,Clemson Orange/Purple + Dragon Seats,
Clemson Tigers,conference_deal,2025-07-01,2026-06-30,heated_foot_deck,Gen 4,3,Clemson Orange/Purple + Dragon Seats,
Miami Hurricanes,conference_deal,2025-07-01,2026-06-30,heated_bench,Gen 4,3,Miami Orange/Green + Dragon Seats,
Miami Hurricanes,conference_deal,2025-07-01,2026-06-30,dragon_shader,Gen 4,3,Miami Orange/Green + Dragon Seats,
Miami Hurricanes,conference_deal,2025-07-01,2026-06-30,heated_foot_deck,Gen 4,3,Miami Orange/Green + Dragon Seats,
Florida State Seminoles,conference_deal,2025-07-01,2026-06-30,heated_bench,Gen 4,3,Florida State Garnet/Gold + Dragon Seats,
Florida State Seminoles,conference_deal,2025-07-01,2026-06-30,dragon_shader,Gen 4,3,Florida State Garnet/Gold + Dragon Seats,
Florida State Seminoles,conference_deal,2025-07-01,2026-06-30,heated_foot_deck,Gen 4,3,Florida State Garnet/Gold + Dragon Seats,
Georgia Tech Yellow Jackets,conference_deal,2025-07-01,2026-06-30,heated_bench,Gen 4,3,Georgia Tech Gold/Navy + Dragon Seats,
Georgia Tech Yellow Jackets,conference_deal,2025-07-01,2026-06-30,dragon_shader,Gen 4,3,Georgia Tech Gold/Navy + Dragon Seats,
Georgia Tech Yellow Jackets,conference_deal,2025-07-01,2026-06-30,heated_foot_deck,Gen 4,3,Georgia Tech Gold/Navy + Dragon Seats,
Louisville Cardinals,conference_deal,2025-07-01,2026-06-30,heated_bench,Gen 4,3,Louisville Cardinal/Black + Dragon Seats,
Louisville Cardinals,conference_deal,2025-07-01,2026-06-30,dragon_shader,Gen 4,3,Louisville Cardinal/Black + Dragon Seats,
Louisville Cardinals,conference_deal,2025-07-01,2026-06-30,heated_foot_deck,Gen 4,3,Louisville Cardinal/Black + Dragon Seats,
Pittsburgh Panthers,lease_1yr,2025-07-01,2026-06-30,heated_bench,Gen 4,3,Pittsburgh Blue/Gold + Dragon Seats,
Pittsburgh Panthers,lease_1yr,2025-07-01,2026-06-30,dragon_shader,Gen 4,3,Pittsburgh Blue/Gold + Dragon Seats,
Pittsburgh Panthers,lease_1yr,2025-07-01,2026-06-30,heated_foot_deck,Gen 4,3,Pittsburgh Blue/Gold + Dragon Seats,
Syracuse Orange,lease_1yr,2025-07-01,2026-06-30,heated_bench,Gen 4,3,Syracuse Orange + Dragon Seats,
Syracuse Orange,lease_1yr,2025-07-01,2026-06-30,dragon_shader,Gen 4,3,Syracuse Orange + Dragon Seats,
Syracuse Orange,lease_1yr,2025-07-01,2026-06-30,heated_foot_deck,Gen 4,3,Syracuse Orange + Dragon Seats,
Boston College Eagles,lease_1yr,2025-07-01,2026-06-30,heated_bench,Gen 4,3,Boston College Maroon/Gold + Dragon Seats,
Boston College Eagles,lease_1yr,2025-07-01,2026-06-30,dragon_shader,Gen 4,3,Boston College Maroon/Gold + Dragon Seats,
Boston College Eagles,lease_1yr,2025-07-01,2026-06-30,heated_foot_deck,Gen 4,3,Boston College Maroon/Gold + Dragon Seats,
Virginia Cavaliers,lease_1yr,2025-07-01,2026-06-30,heated_bench,Gen 4,3,Virginia Orange/Navy + Dragon Seats,
Virginia Cavaliers,lease_1yr,2025-07-01,2026-06-30,dragon_shader,Gen 4,3,Virginia Orange/Navy + Dragon Seats,
Virginia Cavaliers,lease_1yr,2025-07-01,2026-06-30,heated_foot_deck,Gen 4,3,Virginia Orange/Navy + Dragon Seats,
Virginia Tech Hokies,lease_1yr,2025-07-01,2026-06-30,heated_bench,Gen 4,3,Virginia Tech Maroon/Orange + Dragon Seats,
Virginia Tech Hokies,lease_1yr,2025-07-01,2026-06-30,dragon_shader,Gen 4,3,Virginia Tech Maroon/Orange + Dragon Seats,
Virginia Tech Hokies,lease_1yr,2025-07-01,2026-06-30,heated_foot_deck,Gen 4,3,Virginia Tech Maroon/Orange + Dragon Seats,
Duke Blue Devils,lease_1yr,2025-07-01,2026-06-30,heated_bench,Gen 4,3,Duke Blue + Dragon Seats,
Duke Blue Devils,lease_1yr,2025-07-01,2026-06-30,dragon_shader,Gen 4,3,Duke Blue + Dragon Seats,
Duke Blue Devils,lease_1yr,2025-07-01,2026-06-30,heated_foot_deck,Gen 4,3,Duke Blue + Dragon Seats,
North Carolina Tar Heels,lease_1yr,2025-07-01,2026-06-30,heated_bench,Gen 4,3,UNC Carolina Blue + Dragon Seats,
North Carolina Tar Heels,lease_1yr,2025-07-01,2026-06-30,dragon_shader,Gen 4,3,UNC Carolina Blue + Dragon Seats,
North Carolina Tar Heels,lease_1yr,2025-07-01,2026-06-30,heated_foot_deck,Gen 4,3,UNC Carolina Blue + Dragon Seats,
NC State Wolfpack,lease_1yr,2025-07-01,2026-06-30,heated_bench,Gen 4,3,NC State Red + Dragon Seats,
NC State Wolfpack,lease_1yr,2025-07-01,2026-06-30,dragon_shader,Gen 4,3,NC State Red + Dragon Seats,
NC State Wolfpack,lease_1yr,2025-07-01,2026-06-30,heated_foot_deck,Gen 4,3,NC State Red + Dragon Seats,
Wake Forest Demon Deacons,lease_1yr,2025-07-01,2026-06-30,heated_bench,Gen 4,3,Wake Forest Gold/Black + Dragon Seats,
Wake Forest Demon Deacons,lease_1yr,2025-07-01,2026-06-30,dragon_shader,Gen 4,3,Wake Forest Gold/Black + Dragon Seats,
Wake Forest Demon Deacons,lease_1yr,2025-07-01,2026-06-30,heated_foot_deck,Gen 4,3,Wake Forest Gold/Black + Dragon Seats,
SMU Mustangs,lease_1yr,2025-07-01,2026-06-30,heated_bench,Gen 4,3,SMU Red/Blue + Dragon Seats,
SMU Mustangs,lease_1yr,2025-07-01,2026-06-30,dragon_shader,Gen 4,3,SMU Red/Blue + Dragon Seats,
SMU Mustangs,lease_1yr,2025-07-01,2026-06-30,heated_foot_deck,Gen 4,3,SMU Red/Blue + Dragon Seats,
Stanford Cardinal,lease_1yr,2025-07-01,2026-06-30,heated_bench,Gen 4,3,Stanford Cardinal + Dragon Seats,
Stanford Cardinal,lease_1yr,2025-07-01,2026-06-30,dragon_shader,Gen 4,3,Stanford Cardinal + Dragon Seats,
Stanford Cardinal,lease_1yr,2025-07-01,2026-06-30,heated_foot_deck,Gen 4,3,Stanford Cardinal + Dragon Seats,
California Golden Bears,lease_1yr,2025-07-01,2026-06-30,heated_bench,Gen 4,3,Cal Blue/Gold + Dragon Seats,
California Golden Bears,lease_1yr,2025-07-01,2026-06-30,dragon_shader,Gen 4,3,Cal Blue/Gold + Dragon Seats,
California Golden Bears,lease_1yr,2025-07-01,2026-06-30,heated_foot_deck,Gen 4,3,Cal Blue/Gold + Dragon Seats,
West Virginia Mountaineers,lease_1yr,2025-07-01,2026-06-30,heated_bench,Gen 4,3,West Virginia Gold/Blue + Dragon Seats,
West Virginia Mountaineers,lease_1yr,2025-07-01,2026-06-30,dragon_shader,Gen 4,3,West Virginia Gold/Blue + Dragon Seats,
West Virginia Mountaineers,lease_1yr,2025-07-01,2026-06-30,heated_foot_deck,Gen 4,3,West Virginia Gold/Blue + Dragon Seats,
Kansas Jayhawks,lease_1yr,2025-07-01,2026-06-30,heated_bench,Gen 4,3,Kansas Crimson/Blue + Dragon Seats,
Kansas Jayhawks,lease_1yr,2025-07-01,2026-06-30,dragon_shader,Gen 4,3,Kansas Crimson/Blue + Dragon Seats,
Kansas Jayhawks,lease_1yr,2025-07-01,2026-06-30,heated_foot_deck,Gen 4,3,Kansas Crimson/Blue + Dragon Seats,
Kansas State Wildcats,lease_1yr,2025-07-01,2026-06-30,heated_bench,Gen 4,3,Kansas State Purple + Dragon Seats,
Kansas State Wildcats,lease_1yr,2025-07-01,2026-06-30,dragon_shader,Gen 4,3,Kansas State Purple + Dragon Seats,
Kansas State Wildcats,lease_1yr,2025-07-01,2026-06-30,heated_foot_deck,Gen 4,3,Kansas State Purple + Dragon Seats,
Iowa State Cyclones,lease_1yr,2025-07-01,2026-06-30,heated_bench,Gen 4,3,Iowa State Cardinal/Gold + Dragon Seats,
Iowa State Cyclones,lease_1yr,2025-07-01,2026-06-30,dragon_shader,Gen 4,3,Iowa State Cardinal/Gold + Dragon Seats,
Iowa State Cyclones,lease_1yr,2025-07-01,2026-06-30,heated_foot_deck,Gen 4,3,Iowa State Cardinal/Gold + Dragon Seats,
Baylor Bears,lease_1yr,2025-07-01,2026-06-30,heated_bench,Gen 4,3,Baylor Green/Gold + Dragon Seats,
Baylor Bears,lease_1yr,2025-07-01,2026-06-30,dragon_shader,Gen 4,3,Baylor Green/Gold + Dragon Seats,
Baylor Bears,lease_1yr,2025-07-01,2026-06-30,heated_foot_deck,Gen 4,3,Baylor Green/Gold + Dragon Seats,
TCU Horned Frogs,lease_1yr,2025-07-01,2026-06-30,heated_bench,Gen 4,3,TCU Purple + Dragon Seats,
TCU Horned Frogs,lease_1yr,2025-07-01,2026-06-30,dragon_shader,Gen 4,3,TCU Purple + Dragon Seats,
TCU Horned Frogs,lease_1yr,2025-07-01,2026-06-30,heated_foot_deck,Gen 4,3,TCU Purple + Dragon Seats,
Texas Tech Red Raiders,lease_1yr,2025-07-01,2026-06-30,heated_bench,Gen 4,3,Texas Tech Scarlet/Black + Dragon Seats,
Texas Tech Red Raiders,lease_1yr,2025-07-01,2026-06-30,dragon_shader,Gen 4,3,Texas Tech Scarlet/Black + Dragon Seats,
Texas Tech Red Raiders,lease_1yr,2025-07-01,2026-06-30,heated_foot_deck,Gen 4,3,Texas Tech Scarlet/Black + Dragon Seats,
Oklahoma State Cowboys,lease_1yr,2025-07-01,2026-06-30,heated_bench,Gen 4,3,Oklahoma State Orange + Dragon Seats,
Oklahoma State Cowboys,lease_1yr,2025-07-01,2026-06-30,dragon_shader,Gen 4,3,Oklahoma State Orange + Dragon Seats,
Oklahoma State Cowboys,lease_1yr,2025-07-01,2026-06-30,heated_foot_deck,Gen 4,3,Oklahoma State Orange + Dragon Seats,
Houston Cougars,one_off_rental,2025-08-15,2025-12-31,heated_bench,Gen 3,3,Houston Red + Dragon Seats,
Houston Cougars,one_off_rental,2025-08-15,2025-12-31,dragon_shader,Gen 3,3,Houston Red + Dragon Seats,
Houston Cougars,one_off_rental,2025-08-15,2025-12-31,heated_foot_deck,Gen 3,3,Houston Red + Dragon Seats,
UCF Knights,one_off_rental,2025-08-15,2025-12-31,heated_bench,Gen 3,3,UCF Gold/Black + Dragon Seats,
UCF Knights,one_off_rental,2025-08-15,2025-12-31,dragon_shader,Gen 3,3,UCF Gold/Black + Dragon Seats,
UCF Knights,one_off_rental,2025-08-15,2025-12-31,heated_foot_deck,Gen 3,3,UCF Gold/Black + Dragon Seats,
Cincinnati Bearcats,one_off_rental,2025-08-15,2025-12-31,heated_bench,Gen 3,3,Cincinnati Red/Black + Dragon Seats,
Cincinnati Bearcats,one_off_rental,2025-08-15,2025-12-31,dragon_shader,Gen 3,3,Cincinnati Red/Black + Dragon Seats,
Cincinnati Bearcats,one_off_rental,2025-08-15,2025-12-31,heated_foot_deck,Gen 3,3,Cincinnati Red/Black + Dragon Seats,
Arizona Wildcats,one_off_rental,2025-08-15,2025-12-31,heated_bench,Gen 3,3,Arizona Red/Navy + Dragon Seats,
Arizona Wildcats,one_off_rental,2025-08-15,2025-12-31,dragon_shader,Gen 3,3,Arizona Red/Navy + Dragon Seats,
Arizona Wildcats,one_off_rental,2025-08-15,2025-12-31,heated_foot_deck,Gen 3,3,Arizona Red/Navy + Dragon Seats,
Arizona State Sun Devils,one_off_rental,2025-08-15,2025-12-31,heated_bench,Gen 3,3,Arizona State Maroon/Gold + Dragon Seats,
Arizona State Sun Devils,one_off_rental,2025-08-15,2025-12-31,dragon_shader,Gen 3,3,Arizona State Maroon/Gold + Dragon Seats,
Arizona State Sun Devils,one_off_rental,2025-08-15,2025-12-31,heated_foot_deck,Gen 3,3,Arizona State Maroon/Gold + Dragon Seats,
BYU Cougars,one_off_rental,2025-08-15,2025-12-31,heated_bench,Gen 3,3,BYU Navy/White + Dragon Seats,
BYU Cougars,one_off_rental,2025-08-15,2025-12-31,dragon_shader,Gen 3,3,BYU Navy/White + Dragon Seats,
BYU Cougars,one_off_rental,2025-08-15,2025-12-31,heated_foot_deck,Gen 3,3,BYU Navy/White + Dragon Seats,
Utah Utes,one_off_rental,2025-08-15,2025-12-31,heated_bench,Gen 3,3,Utah Crimson + Dragon Seats,
Utah Utes,one_off_rental,2025-08-15,2025-12-31,dragon_shader,Gen 3,3,Utah Crimson + Dragon Seats,
Utah Utes,one_off_rental,2025-08-15,2025-12-31,heated_foot_deck,Gen 3,3,Utah Crimson + Dragon Seats,
Colorado Buffaloes,one_off_rental,2025-08-15,2025-12-31,heated_bench,Gen 3,3,Colorado Gold/Black + Dragon Seats,
Colorado Buffaloes,one_off_rental,2025-08-15,2025-12-31,dragon_shader,Gen 3,3,Colorado Gold/Black + Dragon Seats,
Colorado Buffaloes,one_off_rental,2025-08-15,2025-12-31,heated_foot_deck,Gen 3,3,Colorado Gold/Black + Dragon Seats,
Memphis Tigers,one_off_rental,2025-10-06,2025-12-31,heated_bench,Gen 3,3,Memphis Blue + Dragon Seats,Mid-season addition
Memphis Tigers,one_off_rental,2025-10-06,2025-12-31,dragon_shader,Gen 3,3,Memphis Blue + Dragon Seats,Mid-season addition
Memphis Tigers,one_off_rental,2025-10-06,2025-12-31,heated_foot_deck,Gen 3,3,Memphis Blue + Dragon Seats,Mid-season addition
Boise State Broncos,one_off_rental,2025-10-20,2025-12-31,heated_bench,Gen 3,3,Boise State Blue/Orange + Dragon Seats,Mid-season addition
Boise State Broncos,one_off_rental,2025-10-20,2025-12-31,dragon_shader,Gen 3,3,Boise State Blue/Orange + Dragon Seats,Mid-season addition
Boise State Broncos,one_off_rental,2025-10-20,2025-12-31,heated_foot_deck,Gen 3,3,Boise State Blue/Orange + Dragon Seats,Mid-season addition
James Madison Dukes,one_off_rental,2025-11-03,2025-12-31,heated_bench,Gen 3,3,James Madison Purple/Gold + Dragon Seats,Mid-season addition
James Madison Dukes,one_off_rental,2025-11-03,2025-12-31,dragon_shader,Gen 3,3,James Madison Purple/Gold + Dragon Seats,Mid-season addition
James Madison Dukes,one_off_rental,2025-11-03,2025-12-31,heated_foot_deck,Gen 3,3,James Madison Purple/Gold + Dragon Seats,Mid-season addition
